trial_number,model_family,model_type,feature_set,window,thresh,steps,rf_n_estimators,rf_max_depth,xgb_n_estimators,xgb_lr,xgb_max_depth,svm_C,svm_kernel,nb_var_smoothing,ts_hidden_dim,ts_lr,ts_batch_size,avg_accuracy,avg_precision,avg_recall,avg_f1_macro,pooled_test_distribution
0,TimeSeries,LSTM,base_plus_enmo,10,0.75,20,,,,,,,,,32,0.006417156432610213,64,0.8641,0.7901,0.6835,0.6961,"{np.int64(1): 11094, np.int64(2): 1418, np.int64(0): 6225}"
1,TimeSeries,RNN,all_features,10,0.8,15,,,,,,,,,32,0.0065150195581247525,32,0.8696,0.7714,0.691,0.7037,"{np.int64(1): 11059, np.int64(2): 1369, np.int64(0): 6185}"
2,TimeSeries,BiLSTM,base_plus_enmo,20,0.65,5,,,,,,,,,64,0.0002861096219604863,64,0.8547,0.7323,0.6342,0.631,"{np.int64(1): 5642, np.int64(2): 659, np.int64(0): 3150}"
3,TimeSeries,BiLSTM,all_features,10,0.7,10,,,,,,,,,64,0.0005589496671339598,16,0.8632,0.7841,0.6792,0.6951,"{np.int64(1): 11229, np.int64(2): 1497, np.int64(0): 6322}"
4,TimeSeries,RNN,base_features,20,0.6,10,,,,,,,,,64,0.0002705739484708891,64,0.8539,0.7537,0.6279,0.6228,"{np.int64(1): 5686, np.int64(2): 713, np.int64(0): 3213}"
5,TimeSeries,RNN,base_plus_enmo,15,0.6,15,,,,,,,,,32,0.0002542325222136886,32,0.8553,0.751,0.6496,0.654,"{np.int64(1): 7586, np.int64(2): 1032, np.int64(0): 4279}"
6,TimeSeries,LSTM,base_plus_enmo,10,0.6,20,,,,,,,,,128,0.0012071576724082083,64,0.8496,0.77,0.6649,0.6739,"{np.int64(1): 11406, np.int64(2): 1723, np.int64(0): 6487}"
7,TimeSeries,Transformer,all_features,25,0.8,20,,,,,,,,,32,0.00012862877934238562,64,0.8871,0.7226,0.657,0.6619,"{np.int64(2): 349, np.int64(0): 2296, np.int64(1): 4192}"
8,TimeSeries,RNN,base_plus_enmo,30,0.75,10,,,,,,,,,64,0.004123097799855914,64,0.8811,0.7289,0.6512,0.6578,"{np.int64(2): 312, np.int64(1): 3573, np.int64(0): 1953}"
9,TimeSeries,LSTM,all_features,25,0.7,15,,,,,,,,,64,0.003146277522768431,64,0.8708,0.6992,0.6342,0.6309,"{np.int64(1): 4371, np.int64(0): 2432, np.int64(2): 425}"
10,Classical,SVM,base_features,15,0.8,,,,,,,0.0018782849830628794,linear,,,,,0.854,0.5673,0.6063,0.5839,"{np.int64(1): 7273, np.int64(2): 774, np.int64(0): 4005}"
11,Classical,NB,all_features,10,0.75,,,,,,,,,1.7164693263022984e-09,,,,0.8335,0.7126,0.7624,0.7208,"{np.int64(1): 11204, np.int64(2): 1427, np.int64(0): 6246}"
12,Classical,NB,all_features,15,0.75,,,,,,,,,1.8782183391032694e-09,,,,0.8422,0.7107,0.779,0.7216,"{np.int64(1): 7339, np.int64(2): 809, np.int64(0): 4054}"
13,Classical,NB,all_features,15,0.75,,,,,,,,,2.2177785057628748e-09,,,,0.8422,0.7107,0.779,0.7216,"{np.int64(1): 7339, np.int64(2): 809, np.int64(0): 4054}"
14,Classical,NB,all_features,15,0.75,,,,,,,,,2.3374117576548876e-09,,,,0.8422,0.7107,0.779,0.7216,"{np.int64(1): 7339, np.int64(2): 809, np.int64(0): 4054}"
15,Classical,NB,all_features,15,0.7,,,,,,,,,6.842190635516349e-09,,,,0.8378,0.7145,0.7778,0.7249,"{np.int64(1): 7468, np.int64(2): 895, np.int64(0): 4150}"
16,Classical,RF,all_features,20,0.65,,200,17,,,,,,,,,,0.8971,0.861,0.7693,0.79,"{np.int64(1): 5667, np.int64(2): 662, np.int64(0): 3157}"
17,Classical,RF,base_features,25,0.65,,200,18,,,,,,,,,,0.8812,0.7934,0.7027,0.7131,"{np.int64(1): 4504, np.int64(2): 482, np.int64(0): 2492}"
18,Classical,RF,all_features,20,0.65,,200,13,,,,,,,,,,0.8987,0.8623,0.7675,0.7877,"{np.int64(1): 5667, np.int64(2): 662, np.int64(0): 3157}"
19,Classical,RF,all_features,20,0.65,,200,13,,,,,,,,,,0.8984,0.8642,0.7692,0.7914,"{np.int64(1): 5667, np.int64(2): 662, np.int64(0): 3157}"
20,Classical,RF,base_features,30,0.65,,200,13,,,,,,,,,,0.8874,0.7804,0.7038,0.7163,"{np.int64(1): 3775, np.int64(2): 385, np.int64(0): 2076}"
21,Classical,RF,all_features,20,0.65,,200,13,,,,,,,,,,0.8981,0.8636,0.7724,0.794,"{np.int64(1): 5667, np.int64(2): 662, np.int64(0): 3157}"
22,Classical,RF,all_features,20,0.65,,200,14,,,,,,,,,,0.8983,0.865,0.7748,0.7964,"{np.int64(1): 5667, np.int64(2): 662, np.int64(0): 3157}"
23,Classical,XGBoost,all_features,20,0.65,,,,150,0.0024043620809166963,5,,,,,,,0.8814,0.8993,0.6893,0.7153,"{np.int64(1): 5667, np.int64(2): 662, np.int64(0): 3157}"
24,Classical,RF,all_features,25,0.7,,300,8,,,,,,,,,,0.9085,0.876,0.7859,0.8064,"{np.int64(1): 4449, np.int64(2): 437, np.int64(0): 2447}"
25,Classical,RF,all_features,25,0.7,,300,5,,,,,,,,,,0.9045,0.881,0.7592,0.785,"{np.int64(1): 4449, np.int64(2): 437, np.int64(0): 2447}"
26,Classical,RF,all_features,25,0.7,,300,7,,,,,,,,,,0.9075,0.8752,0.7789,0.8001,"{np.int64(1): 4449, np.int64(2): 437, np.int64(0): 2447}"
27,Classical,XGBoost,all_features,30,0.7,,,,300,0.259204319566283,10,,,,,,,0.908,0.8482,0.7928,0.8006,"{np.int64(1): 3706, np.int64(2): 349, np.int64(0): 2027}"
28,Classical,XGBoost,base_features,30,0.7,,,,300,0.2620442609550088,10,,,,,,,0.8788,0.7525,0.6973,0.7059,"{np.int64(1): 3706, np.int64(2): 349, np.int64(0): 2027}"
29,Classical,XGBoost,all_features,30,0.7,,,,300,0.270323222848111,10,,,,,,,0.9085,0.8469,0.7946,0.8021,"{np.int64(1): 3706, np.int64(2): 349, np.int64(0): 2027}"
30,Classical,XGBoost,base_plus_enmo,30,0.7,,,,300,0.23163803805554098,10,,,,,,,0.9069,0.851,0.7975,0.8043,"{np.int64(1): 3706, np.int64(2): 349, np.int64(0): 2027}"
31,Classical,XGBoost,base_plus_enmo,30,0.7,,,,300,0.2985063389526182,10,,,,,,,0.905,0.8445,0.7935,0.799,"{np.int64(1): 3706, np.int64(2): 349, np.int64(0): 2027}"
32,Classical,XGBoost,base_plus_enmo,30,0.7,,,,300,0.2014978658419224,10,,,,,,,0.9065,0.8512,0.7958,0.8026,"{np.int64(1): 3706, np.int64(2): 349, np.int64(0): 2027}"
33,Classical,XGBoost,base_plus_enmo,30,0.7,,,,250,0.05320394336894835,8,,,,,,,0.9076,0.8528,0.7966,0.8026,"{np.int64(1): 3706, np.int64(2): 349, np.int64(0): 2027}"
34,Classical,XGBoost,base_plus_enmo,30,0.7,,,,200,0.03553026472220691,7,,,,,,,0.9077,0.8492,0.7908,0.7991,"{np.int64(1): 3706, np.int64(2): 349, np.int64(0): 2027}"
35,Classical,XGBoost,base_plus_enmo,25,0.75,,,,200,0.0404619019598454,8,,,,,,,0.9058,0.8559,0.7889,0.8041,"{np.int64(1): 4382, np.int64(2): 407, np.int64(0): 2400}"
36,Classical,SVM,base_plus_enmo,25,0.75,,,,,,,58.734474068336155,rbf,,,,,0.9122,0.8619,0.8118,0.8202,"{np.int64(1): 4382, np.int64(2): 407, np.int64(0): 2400}"
37,Classical,SVM,base_plus_enmo,25,0.75,,,,,,,35.294032415944855,rbf,,,,,0.9129,0.8696,0.8145,0.8254,"{np.int64(1): 4382, np.int64(2): 407, np.int64(0): 2400}"
38,Classical,SVM,base_plus_enmo,25,0.8,,,,,,,64.77326687425278,rbf,,,,,0.914,0.87,0.8038,0.814,"{np.int64(1): 4293, np.int64(2): 370, np.int64(0): 2314}"
39,TimeSeries,Transformer,base_plus_enmo,25,0.8,5,,,,,,,,,128,0.0013793050573771414,16,0.8851,0.7421,0.6839,0.6937,"{np.int64(1): 4265, np.int64(2): 368, np.int64(0): 2309}"
40,TimeSeries,Transformer,base_plus_enmo,25,0.8,5,,,,,,,,,128,0.002261270390276829,16,0.884,0.7729,0.659,0.6705,"{np.int64(1): 4265, np.int64(2): 368, np.int64(0): 2309}"
41,Classical,SVM,base_plus_enmo,25,0.8,,,,,,,99.84913169907377,rbf,,,,,0.9145,0.8599,0.804,0.8126,"{np.int64(1): 4293, np.int64(2): 370, np.int64(0): 2314}"
42,Classical,SVM,base_plus_enmo,25,0.8,,,,,,,77.94052983258598,rbf,,,,,0.914,0.8643,0.8021,0.8115,"{np.int64(1): 4293, np.int64(2): 370, np.int64(0): 2314}"
43,Classical,SVM,base_plus_enmo,25,0.8,,,,,,,96.5463127781099,rbf,,,,,0.914,0.8587,0.8025,0.8106,"{np.int64(1): 4293, np.int64(2): 370, np.int64(0): 2314}"
44,Classical,SVM,base_plus_enmo,25,0.8,,,,,,,79.37332579311857,rbf,,,,,0.914,0.8625,0.8021,0.8108,"{np.int64(1): 4293, np.int64(2): 370, np.int64(0): 2314}"
45,Classical,SVM,base_plus_enmo,25,0.8,,,,,,,78.38311326168004,rbf,,,,,0.914,0.8643,0.8021,0.8115,"{np.int64(1): 4293, np.int64(2): 370, np.int64(0): 2314}"
46,TimeSeries,BiLSTM,base_plus_enmo,25,0.75,15,,,,,,,,,128,0.00983271334864012,32,0.8777,0.76,0.6655,0.6761,"{np.int64(1): 4302, np.int64(0): 2386, np.int64(2): 396}"
47,Classical,SVM,base_plus_enmo,25,0.8,,,,,,,56.99392605619644,rbf,,,,,0.9152,0.8709,0.8068,0.8156,"{np.int64(1): 4293, np.int64(2): 370, np.int64(0): 2314}"
48,Classical,SVM,base_plus_enmo,25,0.75,,,,,,,13.32458154200029,rbf,,,,,0.9154,0.8913,0.8171,0.8344,"{np.int64(1): 4382, np.int64(2): 407, np.int64(0): 2400}"
49,TimeSeries,Transformer,base_plus_enmo,25,0.75,10,,,,,,,,,32,0.0006470936095367039,16,0.8823,0.7659,0.6827,0.6938,"{np.int64(1): 4325, np.int64(2): 404, np.int64(0): 2390}"
50,Classical,SVM,base_plus_enmo,20,0.75,,,,,,,3.0905660434793356,rbf,,,,,0.9076,0.8841,0.7992,0.8179,"{np.int64(1): 5507, np.int64(2): 565, np.int64(0): 3014}"
51,Classical,SVM,base_plus_enmo,20,0.75,,,,,,,3.4498386603101165,rbf,,,,,0.9079,0.8839,0.7994,0.8182,"{np.int64(1): 5507, np.int64(2): 565, np.int64(0): 3014}"
52,Classical,SVM,base_plus_enmo,20,0.75,,,,,,,2.481663526047702,rbf,,,,,0.9066,0.8842,0.7981,0.8172,"{np.int64(1): 5507, np.int64(2): 565, np.int64(0): 3014}"
53,Classical,SVM,base_plus_enmo,20,0.75,,,,,,,2.5711214125509967,rbf,,,,,0.9069,0.8853,0.7986,0.8178,"{np.int64(1): 5507, np.int64(2): 565, np.int64(0): 3014}"
54,Classical,SVM,base_plus_enmo,20,0.75,,,,,,,3.002159318728904,rbf,,,,,0.9072,0.8837,0.7986,0.8172,"{np.int64(1): 5507, np.int64(2): 565, np.int64(0): 3014}"
55,Classical,SVM,base_plus_enmo,15,0.75,,,,,,,3.3724704257677174,rbf,,,,,0.897,0.8631,0.7683,0.7846,"{np.int64(1): 7339, np.int64(2): 809, np.int64(0): 4054}"
56,Classical,SVM,base_plus_enmo,20,0.75,,,,,,,6.923196344881807,rbf,,,,,0.9094,0.8812,0.8031,0.821,"{np.int64(1): 5507, np.int64(2): 565, np.int64(0): 3014}"
57,Classical,SVM,base_features,20,0.75,,,,,,,12.637230147832335,linear,,,,,0.8716,0.7715,0.6722,0.6728,"{np.int64(1): 5507, np.int64(2): 565, np.int64(0): 3014}"
58,Classical,SVM,base_plus_enmo,15,0.75,,,,,,,9.63069322670658,rbf,,,,,0.8974,0.8543,0.766,0.7804,"{np.int64(1): 7339, np.int64(2): 809, np.int64(0): 4054}"
59,Classical,NB,base_plus_enmo,20,0.75,,,,,,,,,1.0634008522635951e-10,,,,0.8481,0.7084,0.7776,0.7197,"{np.int64(1): 5507, np.int64(2): 565, np.int64(0): 3014}"
60,TimeSeries,BiLSTM,base_plus_enmo,20,0.75,5,,,,,,,,,128,0.0001606175991726413,32,0.8737,0.79,0.6572,0.6661,"{np.int64(1): 5481, np.int64(2): 562, np.int64(0): 3008}"
61,Classical,SVM,base_plus_enmo,20,0.75,,,,,,,0.5723245577535536,rbf,,,,,0.9039,0.8901,0.7765,0.8002,"{np.int64(1): 5507, np.int64(2): 565, np.int64(0): 3014}"
62,Classical,SVM,base_plus_enmo,20,0.75,,,,,,,12.301288209340914,rbf,,,,,0.9095,0.8774,0.8016,0.8182,"{np.int64(1): 5507, np.int64(2): 565, np.int64(0): 3014}"
63,Classical,SVM,base_plus_enmo,20,0.75,,,,,,,12.94495587017477,rbf,,,,,0.9092,0.8766,0.8,0.8166,"{np.int64(1): 5507, np.int64(2): 565, np.int64(0): 3014}"
64,Classical,SVM,base_plus_enmo,20,0.75,,,,,,,13.442676158287034,rbf,,,,,0.9085,0.8747,0.7991,0.8152,"{np.int64(1): 5507, np.int64(2): 565, np.int64(0): 3014}"
65,Classical,SVM,base_features,20,0.75,,,,,,,18.963733597721184,rbf,,,,,0.8832,0.773,0.7195,0.7267,"{np.int64(1): 5507, np.int64(2): 565, np.int64(0): 3014}"
66,Classical,SVM,base_plus_enmo,15,0.75,,,,,,,5.898523978940315,rbf,,,,,0.8974,0.861,0.7673,0.7828,"{np.int64(1): 7339, np.int64(2): 809, np.int64(0): 4054}"
67,Classical,SVM,base_plus_enmo,20,0.75,,,,,,,23.381696571418555,rbf,,,,,0.9072,0.8739,0.7969,0.8137,"{np.int64(1): 5507, np.int64(2): 565, np.int64(0): 3014}"
68,Classical,NB,base_plus_enmo,20,0.75,,,,,,,,,1.9011538787332412e-10,,,,0.8481,0.7084,0.7776,0.7197,"{np.int64(1): 5507, np.int64(2): 565, np.int64(0): 3014}"
69,Classical,SVM,base_plus_enmo,20,0.6,,,,,,,0.7541000902827841,rbf,,,,,0.8915,0.8661,0.7591,0.7814,"{np.int64(1): 5740, np.int64(2): 718, np.int64(0): 3224}"
70,Classical,SVM,base_plus_enmo,15,0.75,,,,,,,0.09199936472414788,linear,,,,,0.8932,0.8545,0.7756,0.7953,"{np.int64(1): 7339, np.int64(2): 809, np.int64(0): 4054}"
71,Classical,SVM,base_plus_enmo,20,0.75,,,,,,,2.0531532161023676,rbf,,,,,0.9069,0.882,0.7971,0.8158,"{np.int64(1): 5507, np.int64(2): 565, np.int64(0): 3014}"
72,Classical,SVM,base_plus_enmo,20,0.75,,,,,,,5.171952294195223,rbf,,,,,0.9085,0.8817,0.8012,0.8198,"{np.int64(1): 5507, np.int64(2): 565, np.int64(0): 3014}"
73,Classical,SVM,base_plus_enmo,20,0.75,,,,,,,23.060416006971195,rbf,,,,,0.9072,0.8736,0.7963,0.8133,"{np.int64(1): 5507, np.int64(2): 565, np.int64(0): 3014}"
74,Classical,SVM,base_plus_enmo,20,0.75,,,,,,,5.177577197865967,rbf,,,,,0.9085,0.8817,0.8012,0.8198,"{np.int64(1): 5507, np.int64(2): 565, np.int64(0): 3014}"
75,Classical,SVM,base_features,20,0.75,,,,,,,30.487824773376314,rbf,,,,,0.8816,0.7783,0.7194,0.7263,"{np.int64(1): 5507, np.int64(2): 565, np.int64(0): 3014}"
76,Classical,SVM,base_plus_enmo,10,0.75,,,,,,,6.7871551256322205,linear,,,,,0.8795,0.8353,0.7586,0.7796,"{np.int64(1): 11204, np.int64(2): 1427, np.int64(0): 6246}"
77,Classical,NB,base_plus_enmo,20,0.75,,,,,,,,,3.1085324485002884e-10,,,,0.8481,0.7084,0.7776,0.7197,"{np.int64(1): 5507, np.int64(2): 565, np.int64(0): 3014}"
78,Classical,SVM,base_plus_enmo,25,0.75,,,,,,,6.129029541404576,rbf,,,,,0.9161,0.8981,0.8151,0.8333,"{np.int64(1): 4382, np.int64(2): 407, np.int64(0): 2400}"
79,Classical,SVM,base_plus_enmo,25,0.75,,,,,,,0.08069325756390573,rbf,,,,,0.9006,0.8982,0.7376,0.7677,"{np.int64(1): 4382, np.int64(2): 407, np.int64(0): 2400}"
80,TimeSeries,LSTM,base_plus_enmo,25,0.7,20,,,,,,,,,32,0.0005878343401328915,32,0.8693,0.6519,0.6253,0.6162,"{np.int64(2): 417, np.int64(0): 2428, np.int64(1): 4348}"
81,Classical,SVM,base_plus_enmo,25,0.75,,,,,,,6.35197728775305,rbf,,,,,0.9162,0.8987,0.8153,0.8337,"{np.int64(1): 4382, np.int64(2): 407, np.int64(0): 2400}"
82,Classical,SVM,base_plus_enmo,25,0.75,,,,,,,36.69599392289069,rbf,,,,,0.9127,0.8682,0.8145,0.8247,"{np.int64(1): 4382, np.int64(2): 407, np.int64(0): 2400}"
83,Classical,SVM,base_plus_enmo,25,0.75,,,,,,,32.4906906416491,rbf,,,,,0.9126,0.8697,0.8146,0.8264,"{np.int64(1): 4382, np.int64(2): 407, np.int64(0): 2400}"
84,Classical,SVM,base_plus_enmo,25,0.75,,,,,,,41.87383760026922,rbf,,,,,0.9127,0.8649,0.8144,0.8231,"{np.int64(1): 4382, np.int64(2): 407, np.int64(0): 2400}"
85,Classical,SVM,base_plus_enmo,25,0.75,,,,,,,36.483827203877276,rbf,,,,,0.9128,0.869,0.8146,0.8251,"{np.int64(1): 4382, np.int64(2): 407, np.int64(0): 2400}"
86,Classical,SVM,base_plus_enmo,25,0.75,,,,,,,40.1742959435679,rbf,,,,,0.9124,0.8653,0.8141,0.8232,"{np.int64(1): 4382, np.int64(2): 407, np.int64(0): 2400}"
87,Classical,SVM,base_plus_enmo,25,0.75,,,,,,,38.76425972157183,rbf,,,,,0.9127,0.8656,0.8143,0.8234,"{np.int64(1): 4382, np.int64(2): 407, np.int64(0): 2400}"
88,Classical,RF,base_plus_enmo,25,0.8,,50,3,,,,,,,,,,0.8918,0.7215,0.6303,0.624,"{np.int64(1): 4293, np.int64(2): 370, np.int64(0): 2314}"
89,Classical,SVM,base_features,25,0.75,,,,,,,38.31227049545281,rbf,,,,,0.8897,0.7751,0.741,0.743,"{np.int64(1): 4382, np.int64(2): 407, np.int64(0): 2400}"
90,Classical,SVM,base_plus_enmo,25,0.75,,,,,,,47.365612057703196,rbf,,,,,0.9127,0.8635,0.8144,0.8227,"{np.int64(1): 4382, np.int64(2): 407, np.int64(0): 2400}"
91,Classical,SVM,base_plus_enmo,25,0.75,,,,,,,35.613944016944366,rbf,,,,,0.913,0.8697,0.8146,0.8255,"{np.int64(1): 4382, np.int64(2): 407, np.int64(0): 2400}"
92,Classical,SVM,base_plus_enmo,25,0.75,,,,,,,27.08415377280837,rbf,,,,,0.9123,0.8733,0.8134,0.8273,"{np.int64(1): 4382, np.int64(2): 407, np.int64(0): 2400}"
93,Classical,SVM,base_plus_enmo,25,0.75,,,,,,,22.68630191675562,rbf,,,,,0.9125,0.8766,0.8127,0.827,"{np.int64(1): 4382, np.int64(2): 407, np.int64(0): 2400}"
94,Classical,SVM,base_plus_enmo,25,0.75,,,,,,,19.331795101062646,rbf,,,,,0.9129,0.8814,0.8136,0.8289,"{np.int64(1): 4382, np.int64(2): 407, np.int64(0): 2400}"
95,Classical,SVM,base_plus_enmo,25,0.75,,,,,,,22.208193575558113,rbf,,,,,0.9126,0.8771,0.8135,0.8276,"{np.int64(1): 4382, np.int64(2): 407, np.int64(0): 2400}"
96,Classical,SVM,base_plus_enmo,25,0.75,,,,,,,19.95040354704019,rbf,,,,,0.9133,0.8817,0.8138,0.8292,"{np.int64(1): 4382, np.int64(2): 407, np.int64(0): 2400}"
97,Classical,SVM,base_plus_enmo,25,0.75,,,,,,,19.33959762721162,rbf,,,,,0.9129,0.8814,0.8136,0.8289,"{np.int64(1): 4382, np.int64(2): 407, np.int64(0): 2400}"
98,TimeSeries,LSTM,base_plus_enmo,25,0.7,10,,,,,,,,,64,0.001970506334745866,16,0.8715,0.7715,0.6395,0.6441,"{np.int64(1): 4393, np.int64(2): 434, np.int64(0): 2436}"
99,Classical,SVM,base_plus_enmo,25,0.75,,,,,,,18.81967843823072,rbf,,,,,0.9135,0.8838,0.8153,0.831,"{np.int64(1): 4382, np.int64(2): 407, np.int64(0): 2400}"
100,Classical,NB,base_plus_enmo,25,0.7,,,,,,,,,8.999924625771866e-09,,,,0.8484,0.7076,0.7833,0.7169,"{np.int64(1): 4449, np.int64(2): 437, np.int64(0): 2447}"
101,Classical,SVM,base_plus_enmo,25,0.75,,,,,,,18.12359421429329,rbf,,,,,0.914,0.886,0.8163,0.8321,"{np.int64(1): 4382, np.int64(2): 407, np.int64(0): 2400}"
102,Classical,SVM,base_plus_enmo,25,0.75,,,,,,,16.546469713447745,rbf,,,,,0.9138,0.8866,0.8159,0.832,"{np.int64(1): 4382, np.int64(2): 407, np.int64(0): 2400}"
103,Classical,SVM,base_plus_enmo,25,0.75,,,,,,,15.57911758946402,rbf,,,,,0.9141,0.8902,0.8162,0.8334,"{np.int64(1): 4382, np.int64(2): 407, np.int64(0): 2400}"
104,Classical,SVM,base_plus_enmo,25,0.75,,,,,,,15.225775314506171,rbf,,,,,0.9137,0.89,0.8159,0.8331,"{np.int64(1): 4382, np.int64(2): 407, np.int64(0): 2400}"
105,Classical,RF,base_plus_enmo,25,0.75,,50,20,,,,,,,,,,0.9089,0.8598,0.7931,0.806,"{np.int64(1): 4382, np.int64(2): 407, np.int64(0): 2400}"
106,Classical,SVM,base_plus_enmo,30,0.75,,,,,,,14.282076348801592,linear,,,,,0.9223,0.899,0.809,0.8289,"{np.int64(1): 3629, np.int64(2): 315, np.int64(0): 1964}"
107,Classical,SVM,base_plus_enmo,25,0.75,,,,,,,9.203992961457061,rbf,,,,,0.9155,0.8899,0.8172,0.8349,"{np.int64(1): 4382, np.int64(2): 407, np.int64(0): 2400}"
108,Classical,SVM,base_plus_enmo,25,0.8,,,,,,,9.365537789078717,rbf,,,,,0.9175,0.8936,0.81,0.8261,"{np.int64(1): 4293, np.int64(2): 370, np.int64(0): 2314}"
109,Classical,SVM,base_plus_enmo,25,0.75,,,,,,,0.001032395473861648,rbf,,,,,0.8389,0.5745,0.5752,0.5652,"{np.int64(1): 4382, np.int64(2): 407, np.int64(0): 2400}"
110,Classical,SVM,all_features,25,0.75,,,,,,,10.343102125575161,rbf,,,,,0.9181,0.8895,0.816,0.832,"{np.int64(1): 4382, np.int64(2): 407, np.int64(0): 2400}"
111,Classical,SVM,all_features,25,0.75,,,,,,,8.996397746343767,rbf,,,,,0.918,0.8881,0.8137,0.8293,"{np.int64(1): 4382, np.int64(2): 407, np.int64(0): 2400}"
112,Classical,SVM,all_features,25,0.75,,,,,,,8.872309438840208,rbf,,,,,0.9178,0.8878,0.8127,0.8281,"{np.int64(1): 4382, np.int64(2): 407, np.int64(0): 2400}"
113,Classical,SVM,all_features,25,0.75,,,,,,,8.572823504287744,rbf,,,,,0.9181,0.8885,0.8112,0.8271,"{np.int64(1): 4382, np.int64(2): 407, np.int64(0): 2400}"
114,Classical,SVM,all_features,25,0.75,,,,,,,14.26990213889207,rbf,,,,,0.9186,0.8814,0.818,0.8322,"{np.int64(1): 4382, np.int64(2): 407, np.int64(0): 2400}"
115,Classical,SVM,all_features,25,0.75,,,,,,,13.179800509806071,rbf,,,,,0.9186,0.8875,0.8177,0.8336,"{np.int64(1): 4382, np.int64(2): 407, np.int64(0): 2400}"
116,Classical,XGBoost,all_features,25,0.75,,,,50,0.0012460760785436146,3,,,,,,,0.6076,0.2025,0.3333,0.2515,"{np.int64(1): 4382, np.int64(2): 407, np.int64(0): 2400}"
117,TimeSeries,Transformer,all_features,25,0.75,15,,,,,,,,,128,0.00010951667610436978,32,0.878,0.7185,0.6581,0.6658,"{np.int64(1): 4302, np.int64(0): 2386, np.int64(2): 396}"
118,Classical,SVM,all_features,30,0.75,,,,,,,13.912738189418448,rbf,,,,,0.9212,0.8712,0.8034,0.8122,"{np.int64(1): 3629, np.int64(2): 315, np.int64(0): 1964}"
119,Classical,SVM,all_features,25,0.75,,,,,,,3.8106363501647165,rbf,,,,,0.9182,0.8889,0.8078,0.8238,"{np.int64(1): 4382, np.int64(2): 407, np.int64(0): 2400}"
120,Classical,SVM,all_features,25,0.75,,,,,,,1.641097126870509,rbf,,,,,0.913,0.8873,0.7935,0.8111,"{np.int64(1): 4382, np.int64(2): 407, np.int64(0): 2400}"
121,Classical,SVM,all_features,25,0.75,,,,,,,11.481841060692702,rbf,,,,,0.9181,0.8857,0.8169,0.8322,"{np.int64(1): 4382, np.int64(2): 407, np.int64(0): 2400}"
122,Classical,SVM,all_features,25,0.75,,,,,,,11.133354808274271,rbf,,,,,0.9181,0.8883,0.818,0.833,"{np.int64(1): 4382, np.int64(2): 407, np.int64(0): 2400}"
123,Classical,SVM,all_features,25,0.75,,,,,,,11.776894182440522,rbf,,,,,0.9181,0.8857,0.8169,0.8321,"{np.int64(1): 4382, np.int64(2): 407, np.int64(0): 2400}"
124,Classical,SVM,all_features,25,0.75,,,,,,,4.709900312732171,rbf,,,,,0.9175,0.8881,0.8067,0.8229,"{np.int64(1): 4382, np.int64(2): 407, np.int64(0): 2400}"
125,Classical,SVM,all_features,25,0.75,,,,,,,14.301126436572437,rbf,,,,,0.9186,0.8814,0.818,0.8322,"{np.int64(1): 4382, np.int64(2): 407, np.int64(0): 2400}"
126,Classical,SVM,all_features,25,0.75,,,,,,,7.026216101741015,linear,,,,,0.917,0.8918,0.8064,0.8275,"{np.int64(1): 4382, np.int64(2): 407, np.int64(0): 2400}"
127,Classical,NB,all_features,25,0.75,,,,,,,,,5.459218433142423e-10,,,,0.8495,0.7128,0.8048,0.7219,"{np.int64(1): 4382, np.int64(2): 407, np.int64(0): 2400}"
128,Classical,SVM,all_features,25,0.75,,,,,,,12.529365161639483,rbf,,,,,0.9182,0.886,0.818,0.8331,"{np.int64(1): 4382, np.int64(2): 407, np.int64(0): 2400}"
129,Classical,RF,all_features,25,0.75,,100,9,,,,,,,,,,0.911,0.8674,0.7949,0.8092,"{np.int64(1): 4382, np.int64(2): 407, np.int64(0): 2400}"
130,Classical,SVM,all_features,25,0.6,,,,,,,11.012008004232785,rbf,,,,,0.9007,0.8655,0.7872,0.8084,"{np.int64(1): 4606, np.int64(2): 571, np.int64(0): 2580}"
131,Classical,SVM,all_features,25,0.75,,,,,,,13.64853734223972,rbf,,,,,0.9186,0.8875,0.8177,0.8336,"{np.int64(1): 4382, np.int64(2): 407, np.int64(0): 2400}"
132,Classical,SVM,all_features,25,0.75,,,,,,,6.816382616823405,rbf,,,,,0.9176,0.8881,0.8098,0.8249,"{np.int64(1): 4382, np.int64(2): 407, np.int64(0): 2400}"
133,Classical,SVM,all_features,25,0.75,,,,,,,12.039469023935963,rbf,,,,,0.9182,0.8859,0.8173,0.8326,"{np.int64(1): 4382, np.int64(2): 407, np.int64(0): 2400}"
134,Classical,SVM,all_features,25,0.75,,,,,,,13.971500305479053,rbf,,,,,0.9188,0.8848,0.8181,0.8333,"{np.int64(1): 4382, np.int64(2): 407, np.int64(0): 2400}"
135,Classical,SVM,all_features,25,0.75,,,,,,,4.26706441559203,rbf,,,,,0.9181,0.8888,0.808,0.8239,"{np.int64(1): 4382, np.int64(2): 407, np.int64(0): 2400}"
136,Classical,SVM,all_features,25,0.75,,,,,,,7.123453646158696,rbf,,,,,0.9174,0.8875,0.8076,0.8228,"{np.int64(1): 4382, np.int64(2): 407, np.int64(0): 2400}"
137,Classical,SVM,all_features,25,0.75,,,,,,,14.346865916738256,rbf,,,,,0.9188,0.8822,0.8181,0.8326,"{np.int64(1): 4382, np.int64(2): 407, np.int64(0): 2400}"
138,TimeSeries,BiLSTM,all_features,25,0.75,5,,,,,,,,,128,0.0008421315159543044,16,0.8802,0.7111,0.6569,0.663,"{np.int64(1): 4354, np.int64(2): 405, np.int64(0): 2395}"
139,Classical,XGBoost,all_features,25,0.75,,,,50,0.006924376527361549,3,,,,,,,0.8821,0.6391,0.6199,0.613,"{np.int64(1): 4382, np.int64(2): 407, np.int64(0): 2400}"
140,Classical,SVM,all_features,25,0.75,,,,,,,0.05941698353325639,rbf,,,,,0.9021,0.9036,0.7273,0.7571,"{np.int64(1): 4382, np.int64(2): 407, np.int64(0): 2400}"
141,Classical,SVM,all_features,25,0.75,,,,,,,12.691263337574085,rbf,,,,,0.9186,0.887,0.8184,0.8337,"{np.int64(1): 4382, np.int64(2): 407, np.int64(0): 2400}"
142,Classical,SVM,all_features,25,0.75,,,,,,,14.629523636291255,rbf,,,,,0.9184,0.8796,0.8178,0.832,"{np.int64(1): 4382, np.int64(2): 407, np.int64(0): 2400}"
143,Classical,SVM,all_features,25,0.75,,,,,,,26.112150440999905,rbf,,,,,0.9162,0.8716,0.8127,0.8256,"{np.int64(1): 4382, np.int64(2): 407, np.int64(0): 2400}"
144,Classical,SVM,all_features,25,0.75,,,,,,,5.773205044219192,rbf,,,,,0.9176,0.8864,0.8097,0.8248,"{np.int64(1): 4382, np.int64(2): 407, np.int64(0): 2400}"
145,Classical,SVM,all_features,25,0.75,,,,,,,7.74143234254192,rbf,,,,,0.918,0.8892,0.8107,0.8266,"{np.int64(1): 4382, np.int64(2): 407, np.int64(0): 2400}"
146,Classical,SVM,all_features,25,0.75,,,,,,,10.581618099192742,rbf,,,,,0.9185,0.8899,0.8183,0.8339,"{np.int64(1): 4382, np.int64(2): 407, np.int64(0): 2400}"
147,Classical,SVM,all_features,25,0.75,,,,,,,10.311588701749486,rbf,,,,,0.9181,0.8895,0.816,0.832,"{np.int64(1): 4382, np.int64(2): 407, np.int64(0): 2400}"
148,Classical,SVM,all_features,25,0.75,,,,,,,0.02283410206050574,rbf,,,,,0.8799,0.6362,0.6139,0.6008,"{np.int64(1): 4382, np.int64(2): 407, np.int64(0): 2400}"
149,Classical,SVM,all_features,25,0.75,,,,,,,5.828462002625535,rbf,,,,,0.9176,0.8864,0.8097,0.8248,"{np.int64(1): 4382, np.int64(2): 407, np.int64(0): 2400}"
150,Classical,SVM,base_features,25,0.75,,,,,,,53.98463007849708,linear,,,,,0.882,0.793,0.6979,0.6992,"{np.int64(1): 4382, np.int64(2): 407, np.int64(0): 2400}"
151,Classical,SVM,all_features,25,0.75,,,,,,,15.502130885061446,rbf,,,,,0.9182,0.8793,0.8178,0.8318,"{np.int64(1): 4382, np.int64(2): 407, np.int64(0): 2400}"
152,Classical,SVM,all_features,25,0.75,,,,,,,12.24944427569296,rbf,,,,,0.9181,0.8857,0.8172,0.8325,"{np.int64(1): 4382, np.int64(2): 407, np.int64(0): 2400}"
153,Classical,SVM,all_features,25,0.75,,,,,,,9.308804805322042,rbf,,,,,0.918,0.8885,0.8156,0.8311,"{np.int64(1): 4382, np.int64(2): 407, np.int64(0): 2400}"
154,Classical,SVM,all_features,25,0.75,,,,,,,12.639582915479288,rbf,,,,,0.9185,0.8863,0.8183,0.8333,"{np.int64(1): 4382, np.int64(2): 407, np.int64(0): 2400}"
155,Classical,SVM,all_features,25,0.75,,,,,,,17.4433311981391,rbf,,,,,0.9181,0.8795,0.8169,0.831,"{np.int64(1): 4382, np.int64(2): 407, np.int64(0): 2400}"
156,Classical,SVM,all_features,25,0.75,,,,,,,27.859954497463765,rbf,,,,,0.9162,0.8699,0.8129,0.8252,"{np.int64(1): 4382, np.int64(2): 407, np.int64(0): 2400}"
157,Classical,NB,all_features,25,0.75,,,,,,,,,4.6556576518043516e-10,,,,0.8495,0.7128,0.8048,0.7219,"{np.int64(1): 4382, np.int64(2): 407, np.int64(0): 2400}"
158,Classical,SVM,all_features,25,0.75,,,,,,,11.238320517377009,rbf,,,,,0.9178,0.8852,0.8158,0.8309,"{np.int64(1): 4382, np.int64(2): 407, np.int64(0): 2400}"
159,Classical,RF,all_features,25,0.75,,100,10,,,,,,,,,,0.9115,0.8727,0.7945,0.8128,"{np.int64(1): 4382, np.int64(2): 407, np.int64(0): 2400}"
160,Classical,SVM,all_features,30,0.75,,,,,,,22.877676655842713,rbf,,,,,0.9203,0.8676,0.8056,0.8133,"{np.int64(1): 3629, np.int64(2): 315, np.int64(0): 1964}"
161,Classical,SVM,all_features,25,0.75,,,,,,,7.898792322277435,rbf,,,,,0.9184,0.8897,0.8113,0.8273,"{np.int64(1): 4382, np.int64(2): 407, np.int64(0): 2400}"
162,Classical,SVM,all_features,25,0.75,,,,,,,12.782152469110065,rbf,,,,,0.9186,0.887,0.8184,0.8337,"{np.int64(1): 4382, np.int64(2): 407, np.int64(0): 2400}"
163,Classical,SVM,all_features,25,0.75,,,,,,,17.24840555943464,rbf,,,,,0.9181,0.8795,0.8169,0.831,"{np.int64(1): 4382, np.int64(2): 407, np.int64(0): 2400}"
164,Classical,SVM,all_features,25,0.75,,,,,,,12.77401006511155,rbf,,,,,0.9186,0.887,0.8184,0.8337,"{np.int64(1): 4382, np.int64(2): 407, np.int64(0): 2400}"
165,Classical,SVM,base_features,25,0.75,,,,,,,9.716654772709878,rbf,,,,,0.8936,0.799,0.7426,0.7506,"{np.int64(1): 4382, np.int64(2): 407, np.int64(0): 2400}"
166,Classical,SVM,all_features,25,0.75,,,,,,,6.224053244967766,rbf,,,,,0.9178,0.8893,0.811,0.8269,"{np.int64(1): 4382, np.int64(2): 407, np.int64(0): 2400}"
167,TimeSeries,RNN,all_features,10,0.75,20,,,,,,,,,32,0.0003487376160157615,32,0.8696,0.7855,0.6769,0.6904,"{np.int64(1): 11094, np.int64(2): 1418, np.int64(0): 6225}"
168,Classical,SVM,all_features,25,0.75,,,,,,,12.01195900505306,rbf,,,,,0.9182,0.8859,0.8173,0.8326,"{np.int64(1): 4382, np.int64(2): 407, np.int64(0): 2400}"
169,Classical,SVM,all_features,25,0.75,,,,,,,2.9320829544483,rbf,,,,,0.9172,0.8928,0.8045,0.8223,"{np.int64(1): 4382, np.int64(2): 407, np.int64(0): 2400}"
170,Classical,SVM,all_features,25,0.75,,,,,,,19.51667043610208,rbf,,,,,0.9182,0.882,0.8174,0.8321,"{np.int64(1): 4382, np.int64(2): 407, np.int64(0): 2400}"
171,Classical,SVM,all_features,25,0.75,,,,,,,11.176318720400204,rbf,,,,,0.9181,0.8883,0.818,0.833,"{np.int64(1): 4382, np.int64(2): 407, np.int64(0): 2400}"
172,Classical,SVM,all_features,25,0.75,,,,,,,8.283003969312816,rbf,,,,,0.9185,0.8899,0.8143,0.8302,"{np.int64(1): 4382, np.int64(2): 407, np.int64(0): 2400}"
173,Classical,SVM,all_features,25,0.75,,,,,,,15.351840352644803,rbf,,,,,0.9184,0.8795,0.8179,0.8319,"{np.int64(1): 4382, np.int64(2): 407, np.int64(0): 2400}"
174,Classical,SVM,all_features,25,0.75,,,,,,,11.237644511716052,rbf,,,,,0.9178,0.8852,0.8158,0.8309,"{np.int64(1): 4382, np.int64(2): 407, np.int64(0): 2400}"
175,Classical,XGBoost,all_features,25,0.75,,,,100,0.009262393251313084,5,,,,,,,0.9113,0.8846,0.7846,0.8075,"{np.int64(1): 4382, np.int64(2): 407, np.int64(0): 2400}"
176,Classical,SVM,all_features,25,0.75,,,,,,,4.717731411419233,rbf,,,,,0.9175,0.8881,0.8067,0.8229,"{np.int64(1): 4382, np.int64(2): 407, np.int64(0): 2400}"
177,Classical,SVM,all_features,25,0.75,,,,,,,25.034683276233945,rbf,,,,,0.917,0.8749,0.8133,0.8272,"{np.int64(1): 4382, np.int64(2): 407, np.int64(0): 2400}"
178,Classical,SVM,all_features,25,0.75,,,,,,,8.89273230946231,rbf,,,,,0.9178,0.8878,0.8127,0.8281,"{np.int64(1): 4382, np.int64(2): 407, np.int64(0): 2400}"
179,Classical,SVM,all_features,25,0.75,,,,,,,12.722399466589389,linear,,,,,0.917,0.8925,0.8024,0.8236,"{np.int64(1): 4382, np.int64(2): 407, np.int64(0): 2400}"
180,Classical,SVM,all_features,25,0.75,,,,,,,19.626115380508143,rbf,,,,,0.9181,0.8814,0.8173,0.8317,"{np.int64(1): 4382, np.int64(2): 407, np.int64(0): 2400}"
181,Classical,SVM,all_features,25,0.75,,,,,,,11.884442239300263,rbf,,,,,0.9181,0.8856,0.8169,0.8321,"{np.int64(1): 4382, np.int64(2): 407, np.int64(0): 2400}"
182,Classical,SVM,all_features,25,0.75,,,,,,,16.277638494554363,rbf,,,,,0.918,0.8795,0.8168,0.8309,"{np.int64(1): 4382, np.int64(2): 407, np.int64(0): 2400}"
183,Classical,SVM,all_features,25,0.75,,,,,,,7.2819768595911425,rbf,,,,,0.9172,0.8873,0.8075,0.8227,"{np.int64(1): 4382, np.int64(2): 407, np.int64(0): 2400}"
184,Classical,SVM,all_features,25,0.75,,,,,,,10.229534149741367,rbf,,,,,0.9181,0.8895,0.816,0.832,"{np.int64(1): 4382, np.int64(2): 407, np.int64(0): 2400}"
185,Classical,SVM,all_features,25,0.75,,,,,,,12.538034097835927,rbf,,,,,0.9182,0.886,0.818,0.8331,"{np.int64(1): 4382, np.int64(2): 407, np.int64(0): 2400}"
186,Classical,SVM,base_features,25,0.75,,,,,,,15.34465555640791,rbf,,,,,0.8929,0.7919,0.7417,0.7472,"{np.int64(1): 4382, np.int64(2): 407, np.int64(0): 2400}"
187,Classical,SVM,all_features,25,0.75,,,,,,,5.5628664271068455,rbf,,,,,0.9176,0.8864,0.8097,0.8248,"{np.int64(1): 4382, np.int64(2): 407, np.int64(0): 2400}"
188,Classical,SVM,all_features,25,0.75,,,,,,,22.61135839106974,rbf,,,,,0.9175,0.8791,0.8159,0.8305,"{np.int64(1): 4382, np.int64(2): 407, np.int64(0): 2400}"
189,Classical,NB,all_features,25,0.75,,,,,,,,,5.439966033510174e-09,,,,0.8495,0.7128,0.8048,0.7219,"{np.int64(1): 4382, np.int64(2): 407, np.int64(0): 2400}"
190,Classical,SVM,all_features,25,0.75,,,,,,,7.665023849049273,rbf,,,,,0.9179,0.8883,0.8099,0.8257,"{np.int64(1): 4382, np.int64(2): 407, np.int64(0): 2400}"
191,Classical,SVM,all_features,25,0.75,,,,,,,13.645412068205685,rbf,,,,,0.9186,0.8875,0.8177,0.8336,"{np.int64(1): 4382, np.int64(2): 407, np.int64(0): 2400}"
192,Classical,SVM,all_features,25,0.75,,,,,,,12.671358334040052,rbf,,,,,0.9185,0.8863,0.8183,0.8333,"{np.int64(1): 4382, np.int64(2): 407, np.int64(0): 2400}"
193,Classical,SVM,all_features,25,0.75,,,,,,,9.379089714430194,rbf,,,,,0.918,0.8885,0.8156,0.8311,"{np.int64(1): 4382, np.int64(2): 407, np.int64(0): 2400}"
194,Classical,SVM,all_features,25,0.75,,,,,,,13.763833051748662,rbf,,,,,0.9185,0.8844,0.8176,0.8327,"{np.int64(1): 4382, np.int64(2): 407, np.int64(0): 2400}"
195,Classical,SVM,all_features,25,0.75,,,,,,,18.007737052494097,rbf,,,,,0.918,0.88,0.8169,0.8312,"{np.int64(1): 4382, np.int64(2): 407, np.int64(0): 2400}"
196,Classical,SVM,all_features,25,0.75,,,,,,,27.0645619470363,rbf,,,,,0.9159,0.8713,0.8126,0.8254,"{np.int64(1): 4382, np.int64(2): 407, np.int64(0): 2400}"
197,Classical,RF,all_features,25,0.75,,100,16,,,,,,,,,,0.9117,0.8746,0.7959,0.8128,"{np.int64(1): 4382, np.int64(2): 407, np.int64(0): 2400}"
198,TimeSeries,Transformer,base_plus_enmo,25,0.75,10,,,,,,,,,64,0.00016936582839568843,16,0.8794,0.7292,0.6726,0.6824,"{np.int64(1): 4325, np.int64(2): 404, np.int64(0): 2390}"
199,Classical,SVM,all_features,25,0.75,,,,,,,13.378340495382485,rbf,,,,,0.9188,0.8876,0.8178,0.8337,"{np.int64(1): 4382, np.int64(2): 407, np.int64(0): 2400}"
200,Classical,SVM,all_features,25,0.75,,,,,,,0.005979176685768642,rbf,,,,,0.8767,0.5849,0.6107,0.596,"{np.int64(1): 4382, np.int64(2): 407, np.int64(0): 2400}"
201,Classical,SVM,all_features,25,0.75,,,,,,,13.550597300283988,rbf,,,,,0.9188,0.8876,0.8178,0.8337,"{np.int64(1): 4382, np.int64(2): 407, np.int64(0): 2400}"
202,Classical,SVM,all_features,25,0.75,,,,,,,14.247012922966896,rbf,,,,,0.9186,0.8814,0.818,0.8322,"{np.int64(1): 4382, np.int64(2): 407, np.int64(0): 2400}"
203,Classical,SVM,all_features,25,0.75,,,,,,,17.450623960288716,rbf,,,,,0.9181,0.8795,0.8169,0.831,"{np.int64(1): 4382, np.int64(2): 407, np.int64(0): 2400}"
204,Classical,SVM,all_features,25,0.75,,,,,,,1.1011331857052953,rbf,,,,,0.913,0.8916,0.7955,0.8149,"{np.int64(1): 4382, np.int64(2): 407, np.int64(0): 2400}"
205,Classical,SVM,all_features,25,0.75,,,,,,,0.2253998154752738,rbf,,,,,0.909,0.8981,0.7674,0.7941,"{np.int64(1): 4382, np.int64(2): 407, np.int64(0): 2400}"
206,Classical,SVM,base_plus_enmo,25,0.75,,,,,,,9.826610658193864,rbf,,,,,0.9153,0.8881,0.8171,0.8342,"{np.int64(1): 4382, np.int64(2): 407, np.int64(0): 2400}"
207,Classical,SVM,base_plus_enmo,25,0.75,,,,,,,8.685492709068038,rbf,,,,,0.9153,0.8953,0.817,0.8356,"{np.int64(1): 4382, np.int64(2): 407, np.int64(0): 2400}"
208,Classical,SVM,base_plus_enmo,25,0.75,,,,,,,8.73533713951397,rbf,,,,,0.9152,0.895,0.816,0.8348,"{np.int64(1): 4382, np.int64(2): 407, np.int64(0): 2400}"
209,Classical,SVM,base_plus_enmo,25,0.75,,,,,,,6.542137665746951,rbf,,,,,0.916,0.8979,0.8151,0.8332,"{np.int64(1): 4382, np.int64(2): 407, np.int64(0): 2400}"
210,Classical,XGBoost,base_plus_enmo,25,0.75,,,,150,0.0037942033038967484,4,,,,,,,0.9067,0.89,0.753,0.7791,"{np.int64(1): 4382, np.int64(2): 407, np.int64(0): 2400}"
211,Classical,SVM,base_plus_enmo,25,0.75,,,,,,,7.090252015041976,rbf,,,,,0.9163,0.8988,0.8182,0.8371,"{np.int64(1): 4382, np.int64(2): 407, np.int64(0): 2400}"
212,Classical,SVM,base_plus_enmo,25,0.75,,,,,,,6.262154189879491,rbf,,,,,0.9164,0.8982,0.8154,0.8335,"{np.int64(1): 4382, np.int64(2): 407, np.int64(0): 2400}"
213,Classical,SVM,base_plus_enmo,25,0.75,,,,,,,4.523058973293332,rbf,,,,,0.9154,0.8985,0.8129,0.8318,"{np.int64(1): 4382, np.int64(2): 407, np.int64(0): 2400}"
214,Classical,SVM,base_plus_enmo,25,0.75,,,,,,,8.488637321685738,rbf,,,,,0.9156,0.8953,0.8162,0.8351,"{np.int64(1): 4382, np.int64(2): 407, np.int64(0): 2400}"
215,Classical,SVM,base_plus_enmo,25,0.75,,,,,,,8.463350309250783,rbf,,,,,0.9159,0.8982,0.8164,0.8356,"{np.int64(1): 4382, np.int64(2): 407, np.int64(0): 2400}"
216,Classical,SVM,base_plus_enmo,25,0.75,,,,,,,8.171709549371123,rbf,,,,,0.9163,0.8988,0.8182,0.8369,"{np.int64(1): 4382, np.int64(2): 407, np.int64(0): 2400}"
217,Classical,SVM,base_plus_enmo,25,0.75,,,,,,,8.556293578219977,rbf,,,,,0.9156,0.8953,0.8162,0.8351,"{np.int64(1): 4382, np.int64(2): 407, np.int64(0): 2400}"
218,Classical,SVM,base_plus_enmo,25,0.75,,,,,,,8.090909004701206,linear,,,,,0.9161,0.8956,0.8162,0.8389,"{np.int64(1): 4382, np.int64(2): 407, np.int64(0): 2400}"
219,Classical,SVM,base_plus_enmo,25,0.75,,,,,,,3.6491072997846246,linear,,,,,0.9163,0.8957,0.816,0.8386,"{np.int64(1): 4382, np.int64(2): 407, np.int64(0): 2400}"
220,Classical,SVM,base_plus_enmo,25,0.75,,,,,,,8.2841094570022,linear,,,,,0.9161,0.8956,0.8162,0.8389,"{np.int64(1): 4382, np.int64(2): 407, np.int64(0): 2400}"
221,Classical,SVM,base_plus_enmo,25,0.75,,,,,,,8.151140399579875,linear,,,,,0.9161,0.8956,0.8162,0.8389,"{np.int64(1): 4382, np.int64(2): 407, np.int64(0): 2400}"
222,Classical,SVM,base_plus_enmo,25,0.75,,,,,,,8.353428516823524,linear,,,,,0.9161,0.8956,0.8162,0.8389,"{np.int64(1): 4382, np.int64(2): 407, np.int64(0): 2400}"
223,Classical,SVM,base_plus_enmo,25,0.75,,,,,,,3.691710225195661,linear,,,,,0.9163,0.8957,0.816,0.8386,"{np.int64(1): 4382, np.int64(2): 407, np.int64(0): 2400}"
224,Classical,SVM,base_plus_enmo,25,0.75,,,,,,,8.035776760538734,linear,,,,,0.9161,0.8956,0.8162,0.8389,"{np.int64(1): 4382, np.int64(2): 407, np.int64(0): 2400}"
225,Classical,SVM,base_plus_enmo,25,0.75,,,,,,,3.519164429614782,linear,,,,,0.9163,0.8957,0.816,0.8386,"{np.int64(1): 4382, np.int64(2): 407, np.int64(0): 2400}"
226,Classical,SVM,base_plus_enmo,25,0.75,,,,,,,2.5474859851916736,linear,,,,,0.9159,0.894,0.8148,0.8366,"{np.int64(1): 4382, np.int64(2): 407, np.int64(0): 2400}"
227,Classical,SVM,base_plus_enmo,25,0.75,,,,,,,2.416871229944011,linear,,,,,0.916,0.8941,0.8155,0.837,"{np.int64(1): 4382, np.int64(2): 407, np.int64(0): 2400}"
228,Classical,SVM,base_plus_enmo,25,0.75,,,,,,,3.4110652731252196,linear,,,,,0.9163,0.8957,0.816,0.8386,"{np.int64(1): 4382, np.int64(2): 407, np.int64(0): 2400}"
229,Classical,SVM,base_plus_enmo,25,0.75,,,,,,,1.9395424413664324,linear,,,,,0.916,0.8945,0.8145,0.8361,"{np.int64(1): 4382, np.int64(2): 407, np.int64(0): 2400}"
230,Classical,SVM,base_plus_enmo,25,0.75,,,,,,,2.078110827460863,linear,,,,,0.916,0.8941,0.8155,0.8371,"{np.int64(1): 4382, np.int64(2): 407, np.int64(0): 2400}"
231,Classical,SVM,base_plus_enmo,25,0.75,,,,,,,2.0858261420703457,linear,,,,,0.916,0.8941,0.8155,0.8371,"{np.int64(1): 4382, np.int64(2): 407, np.int64(0): 2400}"
232,Classical,SVM,base_plus_enmo,25,0.75,,,,,,,1.8676626505936917,linear,,,,,0.916,0.8945,0.8145,0.8362,"{np.int64(1): 4382, np.int64(2): 407, np.int64(0): 2400}"
233,Classical,SVM,base_plus_enmo,25,0.75,,,,,,,1.929612767936563,linear,,,,,0.916,0.8945,0.8145,0.8361,"{np.int64(1): 4382, np.int64(2): 407, np.int64(0): 2400}"
234,Classical,SVM,base_plus_enmo,25,0.75,,,,,,,1.6607051224438851,linear,,,,,0.916,0.8946,0.8145,0.8362,"{np.int64(1): 4382, np.int64(2): 407, np.int64(0): 2400}"
235,Classical,SVM,base_plus_enmo,25,0.75,,,,,,,1.9522669712555,linear,,,,,0.916,0.8945,0.8145,0.8361,"{np.int64(1): 4382, np.int64(2): 407, np.int64(0): 2400}"
236,Classical,SVM,base_plus_enmo,25,0.75,,,,,,,1.59325821140631,linear,,,,,0.9157,0.8937,0.8144,0.8357,"{np.int64(1): 4382, np.int64(2): 407, np.int64(0): 2400}"
237,Classical,SVM,base_plus_enmo,25,0.75,,,,,,,2.1085069278702973,linear,,,,,0.916,0.8941,0.8155,0.8371,"{np.int64(1): 4382, np.int64(2): 407, np.int64(0): 2400}"
238,Classical,SVM,base_plus_enmo,25,0.75,,,,,,,1.8138602838424955,linear,,,,,0.916,0.8945,0.8145,0.8362,"{np.int64(1): 4382, np.int64(2): 407, np.int64(0): 2400}"
239,TimeSeries,LSTM,base_plus_enmo,25,0.75,15,,,,,,,,,64,0.0004093472180048615,64,0.8663,0.6296,0.6129,0.6009,"{np.int64(1): 4302, np.int64(0): 2386, np.int64(2): 396}"
240,Classical,SVM,base_plus_enmo,25,0.75,,,,,,,2.2583541876118143,linear,,,,,0.916,0.8941,0.8155,0.8371,"{np.int64(1): 4382, np.int64(2): 407, np.int64(0): 2400}"
241,Classical,SVM,base_plus_enmo,25,0.75,,,,,,,2.262399532198228,linear,,,,,0.916,0.8941,0.8155,0.837,"{np.int64(1): 4382, np.int64(2): 407, np.int64(0): 2400}"
242,Classical,SVM,base_plus_enmo,25,0.75,,,,,,,2.1154705585474054,linear,,,,,0.916,0.8941,0.8155,0.8371,"{np.int64(1): 4382, np.int64(2): 407, np.int64(0): 2400}"
243,Classical,SVM,base_plus_enmo,25,0.75,,,,,,,2.2882819571769595,linear,,,,,0.916,0.8941,0.8155,0.8371,"{np.int64(1): 4382, np.int64(2): 407, np.int64(0): 2400}"
244,Classical,SVM,base_plus_enmo,25,0.75,,,,,,,2.4080532342819008,linear,,,,,0.916,0.8941,0.8155,0.837,"{np.int64(1): 4382, np.int64(2): 407, np.int64(0): 2400}"
245,Classical,SVM,base_plus_enmo,25,0.75,,,,,,,2.4478226629270834,linear,,,,,0.916,0.8941,0.8155,0.837,"{np.int64(1): 4382, np.int64(2): 407, np.int64(0): 2400}"
246,Classical,NB,base_plus_enmo,25,0.75,,,,,,,,,3.7202227883551973e-09,,,,0.8517,0.7092,0.796,0.7201,"{np.int64(1): 4382, np.int64(2): 407, np.int64(0): 2400}"
247,Classical,SVM,base_plus_enmo,25,0.75,,,,,,,2.519957639704615,linear,,,,,0.9159,0.894,0.8148,0.8366,"{np.int64(1): 4382, np.int64(2): 407, np.int64(0): 2400}"
248,Classical,SVM,base_plus_enmo,25,0.75,,,,,,,2.5282821277115084,linear,,,,,0.9159,0.894,0.8148,0.8366,"{np.int64(1): 4382, np.int64(2): 407, np.int64(0): 2400}"
249,Classical,RF,base_plus_enmo,25,0.75,,250,3,,,,,,,,,,0.8903,0.7183,0.6519,0.6551,"{np.int64(1): 4382, np.int64(2): 407, np.int64(0): 2400}"
250,Classical,SVM,base_plus_enmo,25,0.75,,,,,,,2.595767754497335,linear,,,,,0.9159,0.894,0.8148,0.8366,"{np.int64(1): 4382, np.int64(2): 407, np.int64(0): 2400}"
251,Classical,SVM,base_plus_enmo,25,0.75,,,,,,,2.6032696560665456,linear,,,,,0.9159,0.894,0.8148,0.8366,"{np.int64(1): 4382, np.int64(2): 407, np.int64(0): 2400}"
252,Classical,SVM,base_plus_enmo,25,0.75,,,,,,,3.0182441485959846,linear,,,,,0.9161,0.8952,0.8156,0.8379,"{np.int64(1): 4382, np.int64(2): 407, np.int64(0): 2400}"
253,Classical,SVM,base_plus_enmo,25,0.75,,,,,,,3.080121259138894,linear,,,,,0.9161,0.8952,0.8149,0.8375,"{np.int64(1): 4382, np.int64(2): 407, np.int64(0): 2400}"
254,Classical,SVM,base_plus_enmo,25,0.75,,,,,,,3.4254015101771773,linear,,,,,0.9163,0.8957,0.816,0.8386,"{np.int64(1): 4382, np.int64(2): 407, np.int64(0): 2400}"
255,Classical,SVM,base_plus_enmo,25,0.65,,,,,,,3.4879689233042224,linear,,,,,0.909,0.8796,0.8058,0.8284,"{np.int64(1): 4504, np.int64(2): 482, np.int64(0): 2492}"
256,Classical,SVM,base_plus_enmo,25,0.75,,,,,,,3.4268490822847792,linear,,,,,0.9163,0.8957,0.816,0.8386,"{np.int64(1): 4382, np.int64(2): 407, np.int64(0): 2400}"
257,Classical,SVM,base_plus_enmo,25,0.75,,,,,,,1.2807524565711264,linear,,,,,0.916,0.8952,0.8143,0.8361,"{np.int64(1): 4382, np.int64(2): 407, np.int64(0): 2400}"
258,Classical,XGBoost,base_plus_enmo,25,0.75,,,,100,0.0756024465800327,6,,,,,,,0.9055,0.8585,0.7836,0.7992,"{np.int64(1): 4382, np.int64(2): 407, np.int64(0): 2400}"
259,Classical,SVM,base_plus_enmo,25,0.75,,,,,,,3.4822758882153875,linear,,,,,0.9163,0.8957,0.816,0.8386,"{np.int64(1): 4382, np.int64(2): 407, np.int64(0): 2400}"
260,Classical,SVM,base_plus_enmo,25,0.75,,,,,,,3.744134788775454,linear,,,,,0.9163,0.8957,0.816,0.8386,"{np.int64(1): 4382, np.int64(2): 407, np.int64(0): 2400}"
261,Classical,SVM,base_plus_enmo,25,0.75,,,,,,,3.6540577470752797,linear,,,,,0.9163,0.8957,0.816,0.8386,"{np.int64(1): 4382, np.int64(2): 407, np.int64(0): 2400}"
262,Classical,SVM,base_plus_enmo,25,0.75,,,,,,,3.451026293195264,linear,,,,,0.9163,0.8957,0.816,0.8386,"{np.int64(1): 4382, np.int64(2): 407, np.int64(0): 2400}"
263,Classical,SVM,base_plus_enmo,25,0.75,,,,,,,3.5460351303450794,linear,,,,,0.9163,0.8957,0.816,0.8386,"{np.int64(1): 4382, np.int64(2): 407, np.int64(0): 2400}"
264,Classical,SVM,base_plus_enmo,25,0.75,,,,,,,3.575510285914708,linear,,,,,0.9163,0.8957,0.816,0.8386,"{np.int64(1): 4382, np.int64(2): 407, np.int64(0): 2400}"
265,TimeSeries,BiLSTM,base_plus_enmo,25,0.75,20,,,,,,,,,32,0.001662304005599322,32,0.8741,0.7503,0.6433,0.6507,"{np.int64(2): 388, np.int64(0): 2380, np.int64(1): 4281}"
266,Classical,SVM,base_plus_enmo,25,0.75,,,,,,,3.6788026308115915,linear,,,,,0.9163,0.8957,0.816,0.8386,"{np.int64(1): 4382, np.int64(2): 407, np.int64(0): 2400}"
267,Classical,SVM,base_plus_enmo,25,0.75,,,,,,,3.5717742093359406,linear,,,,,0.9163,0.8957,0.816,0.8386,"{np.int64(1): 4382, np.int64(2): 407, np.int64(0): 2400}"
268,Classical,SVM,base_plus_enmo,25,0.75,,,,,,,3.5517688750261214,linear,,,,,0.9163,0.8957,0.816,0.8386,"{np.int64(1): 4382, np.int64(2): 407, np.int64(0): 2400}"
269,Classical,SVM,base_plus_enmo,25,0.75,,,,,,,3.6726851000331013,linear,,,,,0.9163,0.8957,0.816,0.8386,"{np.int64(1): 4382, np.int64(2): 407, np.int64(0): 2400}"
270,Classical,SVM,base_plus_enmo,25,0.75,,,,,,,3.2940303667533835,linear,,,,,0.9161,0.8952,0.8149,0.8375,"{np.int64(1): 4382, np.int64(2): 407, np.int64(0): 2400}"
271,Classical,NB,base_plus_enmo,25,0.75,,,,,,,,,9.226000958661129e-10,,,,0.8517,0.7092,0.796,0.7201,"{np.int64(1): 4382, np.int64(2): 407, np.int64(0): 2400}"
272,Classical,SVM,base_plus_enmo,25,0.75,,,,,,,3.463801322433267,linear,,,,,0.9163,0.8957,0.816,0.8386,"{np.int64(1): 4382, np.int64(2): 407, np.int64(0): 2400}"
273,Classical,SVM,base_plus_enmo,25,0.75,,,,,,,3.4331006309572354,linear,,,,,0.9163,0.8957,0.816,0.8386,"{np.int64(1): 4382, np.int64(2): 407, np.int64(0): 2400}"
274,Classical,SVM,base_plus_enmo,25,0.75,,,,,,,3.8281007960517632,linear,,,,,0.9163,0.8957,0.816,0.8386,"{np.int64(1): 4382, np.int64(2): 407, np.int64(0): 2400}"
275,Classical,RF,base_plus_enmo,25,0.75,,150,6,,,,,,,,,,0.9101,0.8808,0.7869,0.8072,"{np.int64(1): 4382, np.int64(2): 407, np.int64(0): 2400}"
276,Classical,SVM,base_plus_enmo,25,0.75,,,,,,,4.077676321290101,linear,,,,,0.9164,0.8957,0.8161,0.8387,"{np.int64(1): 4382, np.int64(2): 407, np.int64(0): 2400}"
277,Classical,SVM,base_plus_enmo,25,0.75,,,,,,,4.262019983460391,linear,,,,,0.9164,0.8957,0.8161,0.8387,"{np.int64(1): 4382, np.int64(2): 407, np.int64(0): 2400}"
278,Classical,SVM,base_plus_enmo,25,0.75,,,,,,,4.2338011145320396,linear,,,,,0.9164,0.8957,0.8161,0.8387,"{np.int64(1): 4382, np.int64(2): 407, np.int64(0): 2400}"
279,Classical,SVM,base_plus_enmo,25,0.75,,,,,,,4.474185741892046,linear,,,,,0.9164,0.8957,0.8161,0.8387,"{np.int64(1): 4382, np.int64(2): 407, np.int64(0): 2400}"
280,Classical,SVM,base_plus_enmo,25,0.75,,,,,,,4.221436378181676,linear,,,,,0.9164,0.8957,0.8161,0.8387,"{np.int64(1): 4382, np.int64(2): 407, np.int64(0): 2400}"
281,Classical,SVM,base_plus_enmo,25,0.75,,,,,,,4.584063240849051,linear,,,,,0.9164,0.8957,0.8161,0.8387,"{np.int64(1): 4382, np.int64(2): 407, np.int64(0): 2400}"
282,Classical,SVM,base_plus_enmo,25,0.8,,,,,,,4.7393154664857144,linear,,,,,0.9203,0.8953,0.8167,0.8375,"{np.int64(1): 4293, np.int64(2): 370, np.int64(0): 2314}"
283,Classical,SVM,base_plus_enmo,25,0.75,,,,,,,4.681460035509223,linear,,,,,0.9164,0.8957,0.8161,0.8387,"{np.int64(1): 4382, np.int64(2): 407, np.int64(0): 2400}"
284,TimeSeries,RNN,base_plus_enmo,25,0.75,5,,,,,,,,,128,0.0029601266743459233,16,0.8806,0.7702,0.6692,0.6844,"{np.int64(1): 4354, np.int64(2): 405, np.int64(0): 2395}"
285,Classical,XGBoost,base_plus_enmo,25,0.75,,,,250,0.017302499536640766,8,,,,,,,0.9094,0.8681,0.7982,0.8143,"{np.int64(1): 4382, np.int64(2): 407, np.int64(0): 2400}"
286,Classical,SVM,base_plus_enmo,25,0.75,,,,,,,5.123352422248411,linear,,,,,0.9163,0.8957,0.816,0.8386,"{np.int64(1): 4382, np.int64(2): 407, np.int64(0): 2400}"
287,Classical,SVM,base_plus_enmo,25,0.75,,,,,,,4.487669668222519,linear,,,,,0.9164,0.8957,0.8161,0.8387,"{np.int64(1): 4382, np.int64(2): 407, np.int64(0): 2400}"
288,Classical,SVM,base_plus_enmo,25,0.75,,,,,,,4.4295345430997255,linear,,,,,0.9164,0.8957,0.8161,0.8387,"{np.int64(1): 4382, np.int64(2): 407, np.int64(0): 2400}"
289,Classical,SVM,base_plus_enmo,25,0.75,,,,,,,4.792892282005949,linear,,,,,0.9164,0.8957,0.8161,0.8387,"{np.int64(1): 4382, np.int64(2): 407, np.int64(0): 2400}"
290,Classical,SVM,base_plus_enmo,25,0.75,,,,,,,4.943870639900308,linear,,,,,0.9163,0.8957,0.816,0.8386,"{np.int64(1): 4382, np.int64(2): 407, np.int64(0): 2400}"
291,Classical,SVM,base_plus_enmo,25,0.75,,,,,,,4.60196710682921,linear,,,,,0.9164,0.8957,0.8161,0.8387,"{np.int64(1): 4382, np.int64(2): 407, np.int64(0): 2400}"
292,Classical,SVM,base_plus_enmo,25,0.75,,,,,,,4.723368989413258,linear,,,,,0.9164,0.8957,0.8161,0.8387,"{np.int64(1): 4382, np.int64(2): 407, np.int64(0): 2400}"
293,Classical,SVM,base_plus_enmo,25,0.75,,,,,,,4.705150007357219,linear,,,,,0.9164,0.8957,0.8161,0.8387,"{np.int64(1): 4382, np.int64(2): 407, np.int64(0): 2400}"
294,Classical,SVM,base_plus_enmo,25,0.75,,,,,,,5.017355156638716,linear,,,,,0.9163,0.8957,0.816,0.8386,"{np.int64(1): 4382, np.int64(2): 407, np.int64(0): 2400}"
295,Classical,SVM,base_plus_enmo,25,0.75,,,,,,,4.636633131966955,linear,,,,,0.9164,0.8957,0.8161,0.8387,"{np.int64(1): 4382, np.int64(2): 407, np.int64(0): 2400}"
296,Classical,SVM,base_plus_enmo,25,0.75,,,,,,,5.614150309619219,linear,,,,,0.9161,0.8956,0.8159,0.8385,"{np.int64(1): 4382, np.int64(2): 407, np.int64(0): 2400}"
297,Classical,SVM,base_plus_enmo,25,0.75,,,,,,,4.6662776800339065,linear,,,,,0.9164,0.8957,0.8161,0.8387,"{np.int64(1): 4382, np.int64(2): 407, np.int64(0): 2400}"
298,Classical,NB,base_plus_enmo,25,0.7,,,,,,,,,1.0664118300925844e-10,,,,0.8484,0.7076,0.7833,0.7169,"{np.int64(1): 4449, np.int64(2): 437, np.int64(0): 2447}"
299,Classical,SVM,base_features,25,0.75,,,,,,,4.499032542143113,linear,,,,,0.8816,0.7923,0.6968,0.6984,"{np.int64(1): 4382, np.int64(2): 407, np.int64(0): 2400}"
300,Classical,SVM,base_plus_enmo,25,0.75,,,,,,,5.529073558764539,linear,,,,,0.9161,0.8956,0.8159,0.8385,"{np.int64(1): 4382, np.int64(2): 407, np.int64(0): 2400}"
301,Classical,SVM,base_plus_enmo,25,0.75,,,,,,,4.284243108422948,linear,,,,,0.9164,0.8957,0.8161,0.8387,"{np.int64(1): 4382, np.int64(2): 407, np.int64(0): 2400}"
302,Classical,RF,base_plus_enmo,25,0.75,,150,10,,,,,,,,,,0.9111,0.8688,0.7999,0.8154,"{np.int64(1): 4382, np.int64(2): 407, np.int64(0): 2400}"
303,Classical,SVM,base_plus_enmo,30,0.75,,,,,,,4.629118917401558,linear,,,,,0.9213,0.8971,0.8079,0.827,"{np.int64(1): 3629, np.int64(2): 315, np.int64(0): 1964}"
304,Classical,SVM,base_plus_enmo,25,0.75,,,,,,,6.079195874453991,linear,,,,,0.9161,0.8955,0.8159,0.8385,"{np.int64(1): 4382, np.int64(2): 407, np.int64(0): 2400}"
305,TimeSeries,LSTM,base_plus_enmo,25,0.75,15,,,,,,,,,64,0.005482360530024153,32,0.8801,0.7392,0.653,0.6603,"{np.int64(1): 4302, np.int64(0): 2386, np.int64(2): 396}"
306,Classical,SVM,base_plus_enmo,25,0.75,,,,,,,4.38957936243904,linear,,,,,0.9164,0.8957,0.8161,0.8387,"{np.int64(1): 4382, np.int64(2): 407, np.int64(0): 2400}"
307,Classical,SVM,base_plus_enmo,25,0.75,,,,,,,4.427711820413622,linear,,,,,0.9164,0.8957,0.8161,0.8387,"{np.int64(1): 4382, np.int64(2): 407, np.int64(0): 2400}"
308,Classical,SVM,base_plus_enmo,25,0.75,,,,,,,4.971809965504422,linear,,,,,0.9163,0.8957,0.816,0.8386,"{np.int64(1): 4382, np.int64(2): 407, np.int64(0): 2400}"
309,Classical,SVM,base_plus_enmo,25,0.75,,,,,,,6.401690360827657,linear,,,,,0.9161,0.8955,0.8159,0.8385,"{np.int64(1): 4382, np.int64(2): 407, np.int64(0): 2400}"
310,Classical,SVM,base_plus_enmo,25,0.75,,,,,,,4.986548923153044,linear,,,,,0.9163,0.8957,0.816,0.8386,"{np.int64(1): 4382, np.int64(2): 407, np.int64(0): 2400}"
311,Classical,SVM,base_plus_enmo,25,0.75,,,,,,,4.430137893636263,linear,,,,,0.9164,0.8957,0.8161,0.8387,"{np.int64(1): 4382, np.int64(2): 407, np.int64(0): 2400}"
312,Classical,XGBoost,base_plus_enmo,25,0.75,,,,100,0.10046383403445744,6,,,,,,,0.9043,0.8505,0.7835,0.7981,"{np.int64(1): 4382, np.int64(2): 407, np.int64(0): 2400}"
313,Classical,SVM,base_plus_enmo,25,0.75,,,,,,,4.596005386208573,linear,,,,,0.9164,0.8957,0.8161,0.8387,"{np.int64(1): 4382, np.int64(2): 407, np.int64(0): 2400}"
314,Classical,SVM,base_plus_enmo,15,0.75,,,,,,,5.818816581879383,linear,,,,,0.8949,0.8555,0.7822,0.8022,"{np.int64(1): 7339, np.int64(2): 809, np.int64(0): 4054}"
315,Classical,SVM,base_plus_enmo,25,0.75,,,,,,,4.494533595091674,linear,,,,,0.9164,0.8957,0.8161,0.8387,"{np.int64(1): 4382, np.int64(2): 407, np.int64(0): 2400}"
316,Classical,SVM,base_plus_enmo,25,0.6,,,,,,,6.5848035105000555,linear,,,,,0.8994,0.8677,0.7924,0.8153,"{np.int64(1): 4606, np.int64(2): 571, np.int64(0): 2580}"
317,Classical,SVM,base_plus_enmo,25,0.75,,,,,,,4.568072345540803,linear,,,,,0.9164,0.8957,0.8161,0.8387,"{np.int64(1): 4382, np.int64(2): 407, np.int64(0): 2400}"
318,Classical,SVM,base_plus_enmo,25,0.75,,,,,,,6.595890457265772,linear,,,,,0.9161,0.8955,0.8159,0.8385,"{np.int64(1): 4382, np.int64(2): 407, np.int64(0): 2400}"
319,Classical,SVM,base_plus_enmo,25,0.7,,,,,,,4.7126496046007675,linear,,,,,0.9138,0.8937,0.8098,0.8338,"{np.int64(1): 4449, np.int64(2): 437, np.int64(0): 2447}"
320,Classical,SVM,base_features,25,0.75,,,,,,,5.672590470853003,linear,,,,,0.8816,0.7923,0.6968,0.6984,"{np.int64(1): 4382, np.int64(2): 407, np.int64(0): 2400}"
321,Classical,SVM,base_plus_enmo,25,0.75,,,,,,,0.4681462706430162,linear,,,,,0.9155,0.8942,0.8103,0.8323,"{np.int64(1): 4382, np.int64(2): 407, np.int64(0): 2400}"
322,Classical,SVM,base_plus_enmo,25,0.75,,,,,,,4.442233305103168,linear,,,,,0.9164,0.8957,0.8161,0.8387,"{np.int64(1): 4382, np.int64(2): 407, np.int64(0): 2400}"
323,Classical,SVM,base_plus_enmo,25,0.75,,,,,,,6.956164371272752,linear,,,,,0.9161,0.8955,0.8159,0.8385,"{np.int64(1): 4382, np.int64(2): 407, np.int64(0): 2400}"
324,Classical,SVM,base_plus_enmo,25,0.75,,,,,,,5.321057378421401,linear,,,,,0.9161,0.8956,0.8159,0.8385,"{np.int64(1): 4382, np.int64(2): 407, np.int64(0): 2400}"
325,TimeSeries,Transformer,base_plus_enmo,25,0.75,10,,,,,,,,,128,0.0009481277103711453,16,0.8786,0.7078,0.6724,0.6758,"{np.int64(1): 4325, np.int64(2): 404, np.int64(0): 2390}"
326,Classical,SVM,base_plus_enmo,10,0.75,,,,,,,4.483596354314194,linear,,,,,0.8795,0.8349,0.7579,0.7789,"{np.int64(1): 11204, np.int64(2): 1427, np.int64(0): 6246}"
327,Classical,NB,base_plus_enmo,25,0.75,,,,,,,,,9.931691138999688e-10,,,,0.8517,0.7092,0.796,0.7201,"{np.int64(1): 4382, np.int64(2): 407, np.int64(0): 2400}"
328,Classical,SVM,base_plus_enmo,25,0.75,,,,,,,6.289464947925685,linear,,,,,0.9161,0.8955,0.8159,0.8385,"{np.int64(1): 4382, np.int64(2): 407, np.int64(0): 2400}"
329,Classical,SVM,base_plus_enmo,25,0.75,,,,,,,7.040029534124273,linear,,,,,0.9161,0.8955,0.8159,0.8385,"{np.int64(1): 4382, np.int64(2): 407, np.int64(0): 2400}"
330,Classical,SVM,base_plus_enmo,25,0.75,,,,,,,4.473839118322863,linear,,,,,0.9164,0.8957,0.8161,0.8387,"{np.int64(1): 4382, np.int64(2): 407, np.int64(0): 2400}"
331,Classical,RF,base_plus_enmo,25,0.75,,250,20,,,,,,,,,,0.9108,0.8741,0.7956,0.8123,"{np.int64(1): 4382, np.int64(2): 407, np.int64(0): 2400}"
332,Classical,SVM,base_plus_enmo,25,0.75,,,,,,,5.633808320201289,linear,,,,,0.9161,0.8956,0.8159,0.8385,"{np.int64(1): 4382, np.int64(2): 407, np.int64(0): 2400}"
333,Classical,SVM,base_plus_enmo,25,0.75,,,,,,,4.580356700072331,linear,,,,,0.9164,0.8957,0.8161,0.8387,"{np.int64(1): 4382, np.int64(2): 407, np.int64(0): 2400}"
334,Classical,SVM,base_plus_enmo,25,0.75,,,,,,,2.8840705662788273,linear,,,,,0.916,0.8948,0.8148,0.837,"{np.int64(1): 4382, np.int64(2): 407, np.int64(0): 2400}"
335,Classical,SVM,base_plus_enmo,25,0.75,,,,,,,7.206206210979556,linear,,,,,0.9161,0.8955,0.8159,0.8385,"{np.int64(1): 4382, np.int64(2): 407, np.int64(0): 2400}"
336,Classical,SVM,base_plus_enmo,25,0.75,,,,,,,4.367167023012302,linear,,,,,0.9164,0.8957,0.8161,0.8387,"{np.int64(1): 4382, np.int64(2): 407, np.int64(0): 2400}"
337,Classical,SVM,base_plus_enmo,30,0.8,,,,,,,5.984408071801059,linear,,,,,0.9245,0.8972,0.8157,0.8302,"{np.int64(1): 3553, np.int64(2): 289, np.int64(0): 1905}"
338,Classical,SVM,base_plus_enmo,25,0.75,,,,,,,5.528038060647389,linear,,,,,0.9161,0.8956,0.8159,0.8385,"{np.int64(1): 4382, np.int64(2): 407, np.int64(0): 2400}"
339,Classical,SVM,base_plus_enmo,25,0.75,,,,,,,7.408671359090985,linear,,,,,0.9161,0.8955,0.8159,0.8385,"{np.int64(1): 4382, np.int64(2): 407, np.int64(0): 2400}"
340,Classical,XGBoost,base_plus_enmo,25,0.75,,,,250,0.017108218717371445,4,,,,,,,0.9101,0.8635,0.7971,0.8097,"{np.int64(1): 4382, np.int64(2): 407, np.int64(0): 2400}"
341,Classical,SVM,base_features,25,0.75,,,,,,,4.1781191282525505,linear,,,,,0.8816,0.7923,0.6968,0.6984,"{np.int64(1): 4382, np.int64(2): 407, np.int64(0): 2400}"
342,Classical,SVM,base_plus_enmo,25,0.75,,,,,,,2.9145780769422354,linear,,,,,0.9161,0.8953,0.8159,0.8381,"{np.int64(1): 4382, np.int64(2): 407, np.int64(0): 2400}"
343,Classical,SVM,base_plus_enmo,25,0.75,,,,,,,4.31472646379533,linear,,,,,0.9164,0.8957,0.8161,0.8387,"{np.int64(1): 4382, np.int64(2): 407, np.int64(0): 2400}"
344,Classical,SVM,base_plus_enmo,25,0.75,,,,,,,5.293833153918018,linear,,,,,0.9161,0.8956,0.8159,0.8385,"{np.int64(1): 4382, np.int64(2): 407, np.int64(0): 2400}"
345,TimeSeries,BiLSTM,base_plus_enmo,25,0.75,20,,,,,,,,,32,0.008059292624017549,64,0.8774,0.7164,0.6425,0.6452,"{np.int64(2): 388, np.int64(0): 2380, np.int64(1): 4281}"
346,Classical,SVM,base_plus_enmo,25,0.65,,,,,,,5.608220393742722,linear,,,,,0.9088,0.8811,0.8043,0.828,"{np.int64(1): 4504, np.int64(2): 482, np.int64(0): 2492}"
347,Classical,SVM,base_plus_enmo,25,0.75,,,,,,,7.395805164542619,linear,,,,,0.9161,0.8955,0.8159,0.8385,"{np.int64(1): 4382, np.int64(2): 407, np.int64(0): 2400}"
348,Classical,SVM,base_plus_enmo,25,0.75,,,,,,,4.228971181746352,linear,,,,,0.9164,0.8957,0.8161,0.8387,"{np.int64(1): 4382, np.int64(2): 407, np.int64(0): 2400}"
349,Classical,SVM,base_plus_enmo,25,0.75,,,,,,,2.781591226181152,linear,,,,,0.916,0.8948,0.8148,0.837,"{np.int64(1): 4382, np.int64(2): 407, np.int64(0): 2400}"
350,Classical,SVM,base_plus_enmo,25,0.75,,,,,,,7.372362706668441,linear,,,,,0.9161,0.8955,0.8159,0.8385,"{np.int64(1): 4382, np.int64(2): 407, np.int64(0): 2400}"
351,Classical,SVM,base_plus_enmo,25,0.75,,,,,,,5.662769866406089,linear,,,,,0.9161,0.8956,0.8159,0.8385,"{np.int64(1): 4382, np.int64(2): 407, np.int64(0): 2400}"
352,Classical,SVM,base_plus_enmo,25,0.75,,,,,,,4.312423284732246,linear,,,,,0.9164,0.8957,0.8161,0.8387,"{np.int64(1): 4382, np.int64(2): 407, np.int64(0): 2400}"
353,Classical,SVM,base_plus_enmo,25,0.75,,,,,,,0.1536105692011849,linear,,,,,0.9138,0.8963,0.8015,0.8262,"{np.int64(1): 4382, np.int64(2): 407, np.int64(0): 2400}"
354,Classical,NB,base_plus_enmo,25,0.75,,,,,,,,,2.0395243532576864e-10,,,,0.8517,0.7092,0.796,0.7201,"{np.int64(1): 4382, np.int64(2): 407, np.int64(0): 2400}"
355,Classical,SVM,base_plus_enmo,25,0.75,,,,,,,2.847720620974543,linear,,,,,0.9159,0.8945,0.8138,0.8363,"{np.int64(1): 4382, np.int64(2): 407, np.int64(0): 2400}"
356,Classical,SVM,base_plus_enmo,25,0.75,,,,,,,8.3746443468692,linear,,,,,0.9161,0.8956,0.8162,0.8389,"{np.int64(1): 4382, np.int64(2): 407, np.int64(0): 2400}"
357,Classical,SVM,base_plus_enmo,25,0.75,,,,,,,8.307938563034563,linear,,,,,0.9161,0.8956,0.8162,0.8389,"{np.int64(1): 4382, np.int64(2): 407, np.int64(0): 2400}"
358,Classical,SVM,base_plus_enmo,25,0.75,,,,,,,9.529998621052913,linear,,,,,0.9161,0.8956,0.8162,0.8389,"{np.int64(1): 4382, np.int64(2): 407, np.int64(0): 2400}"
359,Classical,RF,base_plus_enmo,25,0.75,,250,15,,,,,,,,,,0.9119,0.8762,0.7978,0.8153,"{np.int64(1): 4382, np.int64(2): 407, np.int64(0): 2400}"
360,Classical,SVM,base_plus_enmo,25,0.75,,,,,,,8.751085587779887,linear,,,,,0.9161,0.8956,0.8162,0.8389,"{np.int64(1): 4382, np.int64(2): 407, np.int64(0): 2400}"
361,Classical,SVM,base_plus_enmo,25,0.75,,,,,,,8.609089563126266,linear,,,,,0.9161,0.8956,0.8162,0.8389,"{np.int64(1): 4382, np.int64(2): 407, np.int64(0): 2400}"
362,Classical,SVM,base_plus_enmo,25,0.75,,,,,,,9.461438220364863,linear,,,,,0.9163,0.8956,0.8163,0.839,"{np.int64(1): 4382, np.int64(2): 407, np.int64(0): 2400}"
363,Classical,SVM,base_features,25,0.75,,,,,,,9.606349916240246,linear,,,,,0.8819,0.7925,0.697,0.6986,"{np.int64(1): 4382, np.int64(2): 407, np.int64(0): 2400}"
364,Classical,SVM,base_plus_enmo,25,0.75,,,,,,,9.993523169762268,linear,,,,,0.9161,0.8956,0.8162,0.8389,"{np.int64(1): 4382, np.int64(2): 407, np.int64(0): 2400}"
365,Classical,XGBoost,base_plus_enmo,25,0.75,,,,150,0.001475512577515489,9,,,,,,,0.8347,0.5764,0.5737,0.5599,"{np.int64(1): 4382, np.int64(2): 407, np.int64(0): 2400}"
366,TimeSeries,RNN,base_plus_enmo,25,0.75,5,,,,,,,,,32,0.004777312366138952,64,0.8792,0.7708,0.651,0.6579,"{np.int64(1): 4354, np.int64(2): 405, np.int64(0): 2395}"
367,Classical,SVM,base_plus_enmo,25,0.75,,,,,,,9.577858336645386,linear,,,,,0.9161,0.8956,0.8162,0.8389,"{np.int64(1): 4382, np.int64(2): 407, np.int64(0): 2400}"
368,Classical,SVM,base_plus_enmo,25,0.75,,,,,,,9.461729459475105,linear,,,,,0.9163,0.8956,0.8163,0.839,"{np.int64(1): 4382, np.int64(2): 407, np.int64(0): 2400}"
369,Classical,SVM,base_plus_enmo,25,0.75,,,,,,,9.789974672375195,linear,,,,,0.9163,0.8956,0.8163,0.839,"{np.int64(1): 4382, np.int64(2): 407, np.int64(0): 2400}"
370,Classical,SVM,base_plus_enmo,25,0.75,,,,,,,9.903455749418567,linear,,,,,0.9163,0.8956,0.8163,0.839,"{np.int64(1): 4382, np.int64(2): 407, np.int64(0): 2400}"
371,Classical,SVM,base_plus_enmo,25,0.75,,,,,,,10.393859126066227,linear,,,,,0.9163,0.8956,0.8163,0.839,"{np.int64(1): 4382, np.int64(2): 407, np.int64(0): 2400}"
372,Classical,SVM,base_plus_enmo,25,0.75,,,,,,,9.731443221223035,linear,,,,,0.9161,0.8956,0.8162,0.8389,"{np.int64(1): 4382, np.int64(2): 407, np.int64(0): 2400}"
373,Classical,SVM,base_plus_enmo,15,0.75,,,,,,,10.098611470917435,linear,,,,,0.8952,0.8563,0.7834,0.8035,"{np.int64(1): 7339, np.int64(2): 809, np.int64(0): 4054}"
374,Classical,SVM,base_plus_enmo,25,0.75,,,,,,,9.229539108212016,linear,,,,,0.9163,0.8956,0.8163,0.839,"{np.int64(1): 4382, np.int64(2): 407, np.int64(0): 2400}"
375,Classical,SVM,base_plus_enmo,25,0.8,,,,,,,9.677158989787232,linear,,,,,0.9202,0.8951,0.8167,0.8375,"{np.int64(1): 4293, np.int64(2): 370, np.int64(0): 2314}"
376,Classical,SVM,base_plus_enmo,25,0.75,,,,,,,9.605702988643753,linear,,,,,0.9161,0.8956,0.8162,0.8389,"{np.int64(1): 4382, np.int64(2): 407, np.int64(0): 2400}"
377,Classical,SVM,base_plus_enmo,25,0.75,,,,,,,9.375850140293021,linear,,,,,0.9161,0.8957,0.8162,0.839,"{np.int64(1): 4382, np.int64(2): 407, np.int64(0): 2400}"
378,Classical,SVM,base_plus_enmo,25,0.75,,,,,,,9.838296212570098,linear,,,,,0.9161,0.8957,0.8162,0.839,"{np.int64(1): 4382, np.int64(2): 407, np.int64(0): 2400}"
379,Classical,SVM,base_plus_enmo,25,0.75,,,,,,,10.498159781222002,linear,,,,,0.9161,0.8956,0.8162,0.8389,"{np.int64(1): 4382, np.int64(2): 407, np.int64(0): 2400}"
380,Classical,SVM,base_plus_enmo,25,0.75,,,,,,,10.871833004694416,linear,,,,,0.9163,0.8956,0.8163,0.839,"{np.int64(1): 4382, np.int64(2): 407, np.int64(0): 2400}"
381,Classical,NB,base_plus_enmo,25,0.75,,,,,,,,,3.5561640365290315e-09,,,,0.8517,0.7092,0.796,0.7201,"{np.int64(1): 4382, np.int64(2): 407, np.int64(0): 2400}"
382,Classical,SVM,base_plus_enmo,25,0.65,,,,,,,10.525301106279967,linear,,,,,0.9086,0.8802,0.8035,0.8271,"{np.int64(1): 4504, np.int64(2): 482, np.int64(0): 2492}"
383,Classical,SVM,base_plus_enmo,25,0.6,,,,,,,9.906779413671543,linear,,,,,0.8991,0.8676,0.7922,0.8152,"{np.int64(1): 4606, np.int64(2): 571, np.int64(0): 2580}"
384,Classical,SVM,base_plus_enmo,25,0.75,,,,,,,8.86584846156565,linear,,,,,0.9163,0.8956,0.8163,0.839,"{np.int64(1): 4382, np.int64(2): 407, np.int64(0): 2400}"
385,Classical,SVM,base_plus_enmo,25,0.75,,,,,,,10.619780946756116,linear,,,,,0.9163,0.8956,0.8163,0.839,"{np.int64(1): 4382, np.int64(2): 407, np.int64(0): 2400}"
386,TimeSeries,LSTM,base_plus_enmo,25,0.75,20,,,,,,,,,32,0.00019581122331945662,32,0.8637,0.6515,0.613,0.6036,"{np.int64(2): 388, np.int64(0): 2380, np.int64(1): 4281}"
387,Classical,RF,base_features,25,0.75,,50,11,,,,,,,,,,0.8929,0.7888,0.7253,0.7345,"{np.int64(1): 4382, np.int64(2): 407, np.int64(0): 2400}"
388,Classical,SVM,base_plus_enmo,25,0.75,,,,,,,11.074018456890217,linear,,,,,0.9163,0.8956,0.8163,0.839,"{np.int64(1): 4382, np.int64(2): 407, np.int64(0): 2400}"
389,Classical,SVM,base_plus_enmo,25,0.75,,,,,,,11.904046765964956,linear,,,,,0.9161,0.8956,0.8162,0.8389,"{np.int64(1): 4382, np.int64(2): 407, np.int64(0): 2400}"
390,Classical,SVM,base_plus_enmo,25,0.7,,,,,,,10.70935222680246,linear,,,,,0.9134,0.8925,0.8083,0.8322,"{np.int64(1): 4449, np.int64(2): 437, np.int64(0): 2447}"
391,Classical,SVM,base_plus_enmo,25,0.75,,,,,,,11.76638936045637,linear,,,,,0.9163,0.8956,0.8163,0.839,"{np.int64(1): 4382, np.int64(2): 407, np.int64(0): 2400}"
392,Classical,SVM,base_plus_enmo,25,0.75,,,,,,,11.18835121199634,linear,,,,,0.9161,0.8956,0.8162,0.8389,"{np.int64(1): 4382, np.int64(2): 407, np.int64(0): 2400}"
393,Classical,SVM,base_plus_enmo,25,0.75,,,,,,,15.991851431492435,linear,,,,,0.9161,0.8956,0.8162,0.8389,"{np.int64(1): 4382, np.int64(2): 407, np.int64(0): 2400}"
394,Classical,SVM,base_plus_enmo,25,0.75,,,,,,,17.12727578346025,linear,,,,,0.9161,0.8956,0.8162,0.8389,"{np.int64(1): 4382, np.int64(2): 407, np.int64(0): 2400}"
395,Classical,XGBoost,base_plus_enmo,25,0.75,,,,200,0.007309585295734187,5,,,,,,,0.9092,0.868,0.7878,0.8071,"{np.int64(1): 4382, np.int64(2): 407, np.int64(0): 2400}"
396,Classical,SVM,base_plus_enmo,25,0.75,,,,,,,11.288027431709699,linear,,,,,0.9163,0.8956,0.8163,0.839,"{np.int64(1): 4382, np.int64(2): 407, np.int64(0): 2400}"
397,Classical,SVM,base_plus_enmo,25,0.75,,,,,,,11.842736982349713,linear,,,,,0.9163,0.8956,0.8163,0.839,"{np.int64(1): 4382, np.int64(2): 407, np.int64(0): 2400}"
398,Classical,SVM,base_plus_enmo,25,0.75,,,,,,,12.1749783611153,linear,,,,,0.9161,0.8956,0.8162,0.8389,"{np.int64(1): 4382, np.int64(2): 407, np.int64(0): 2400}"
399,Classical,SVM,base_plus_enmo,25,0.75,,,,,,,11.217918515759361,linear,,,,,0.9163,0.8956,0.8163,0.839,"{np.int64(1): 4382, np.int64(2): 407, np.int64(0): 2400}"
400,Classical,SVM,base_plus_enmo,25,0.75,,,,,,,10.421852093702727,linear,,,,,0.9161,0.8956,0.8162,0.8389,"{np.int64(1): 4382, np.int64(2): 407, np.int64(0): 2400}"
401,Classical,SVM,base_plus_enmo,25,0.75,,,,,,,16.00466801454575,linear,,,,,0.9161,0.8956,0.8162,0.8389,"{np.int64(1): 4382, np.int64(2): 407, np.int64(0): 2400}"
402,Classical,SVM,base_plus_enmo,25,0.75,,,,,,,71.87469040308015,linear,,,,,0.9161,0.8956,0.8162,0.8389,"{np.int64(1): 4382, np.int64(2): 407, np.int64(0): 2400}"
403,Classical,SVM,base_plus_enmo,30,0.75,,,,,,,91.25344241959482,linear,,,,,0.9223,0.8962,0.8086,0.827,"{np.int64(1): 3629, np.int64(2): 315, np.int64(0): 1964}"
404,Classical,SVM,base_plus_enmo,25,0.75,,,,,,,19.909573858420416,linear,,,,,0.9161,0.8956,0.8162,0.8389,"{np.int64(1): 4382, np.int64(2): 407, np.int64(0): 2400}"
405,Classical,SVM,base_plus_enmo,25,0.75,,,,,,,21.60433441037687,linear,,,,,0.9161,0.8956,0.8162,0.8389,"{np.int64(1): 4382, np.int64(2): 407, np.int64(0): 2400}"
406,Classical,SVM,base_plus_enmo,25,0.75,,,,,,,53.308519776453906,linear,,,,,0.9161,0.8956,0.8162,0.8389,"{np.int64(1): 4382, np.int64(2): 407, np.int64(0): 2400}"
407,TimeSeries,RNN,base_plus_enmo,25,0.75,15,,,,,,,,,64,0.0033930430702688863,64,0.8804,0.7714,0.6601,0.6678,"{np.int64(1): 4302, np.int64(0): 2386, np.int64(2): 396}"
408,Classical,SVM,base_plus_enmo,25,0.75,,,,,,,58.281650371212336,linear,,,,,0.9161,0.8956,0.8162,0.8389,"{np.int64(1): 4382, np.int64(2): 407, np.int64(0): 2400}"
409,Classical,SVM,base_plus_enmo,25,0.75,,,,,,,64.94826080574781,linear,,,,,0.9161,0.8956,0.8162,0.8389,"{np.int64(1): 4382, np.int64(2): 407, np.int64(0): 2400}"
410,Classical,SVM,base_plus_enmo,25,0.75,,,,,,,62.84617732647156,linear,,,,,0.9161,0.8956,0.8162,0.8389,"{np.int64(1): 4382, np.int64(2): 407, np.int64(0): 2400}"
411,Classical,NB,base_features,25,0.75,,,,,,,,,6.57172538128395e-10,,,,0.8517,0.7073,0.7874,0.7179,"{np.int64(1): 4382, np.int64(2): 407, np.int64(0): 2400}"
412,Classical,SVM,base_plus_enmo,25,0.75,,,,,,,52.83612557003657,linear,,,,,0.9161,0.8956,0.8162,0.8389,"{np.int64(1): 4382, np.int64(2): 407, np.int64(0): 2400}"
413,Classical,SVM,base_plus_enmo,25,0.75,,,,,,,41.58675403335091,linear,,,,,0.9161,0.8956,0.8162,0.8389,"{np.int64(1): 4382, np.int64(2): 407, np.int64(0): 2400}"
414,Classical,SVM,base_plus_enmo,25,0.75,,,,,,,58.04359754213888,linear,,,,,0.9161,0.8956,0.8162,0.8389,"{np.int64(1): 4382, np.int64(2): 407, np.int64(0): 2400}"
415,Classical,RF,base_plus_enmo,25,0.75,,150,18,,,,,,,,,,0.9108,0.8692,0.7989,0.8145,"{np.int64(1): 4382, np.int64(2): 407, np.int64(0): 2400}"
416,Classical,SVM,base_plus_enmo,25,0.75,,,,,,,73.40452422269895,linear,,,,,0.9161,0.8956,0.8162,0.8389,"{np.int64(1): 4382, np.int64(2): 407, np.int64(0): 2400}"
417,Classical,SVM,base_plus_enmo,25,0.75,,,,,,,48.22681238391481,linear,,,,,0.9161,0.8956,0.8162,0.8389,"{np.int64(1): 4382, np.int64(2): 407, np.int64(0): 2400}"
418,Classical,SVM,base_plus_enmo,25,0.75,,,,,,,67.02544830055933,linear,,,,,0.9161,0.8956,0.8162,0.8389,"{np.int64(1): 4382, np.int64(2): 407, np.int64(0): 2400}"
419,Classical,SVM,base_plus_enmo,25,0.75,,,,,,,35.14309627515791,linear,,,,,0.9161,0.8956,0.8162,0.8389,"{np.int64(1): 4382, np.int64(2): 407, np.int64(0): 2400}"
420,Classical,SVM,base_plus_enmo,25,0.75,,,,,,,49.63434327016833,linear,,,,,0.9161,0.8956,0.8162,0.8389,"{np.int64(1): 4382, np.int64(2): 407, np.int64(0): 2400}"
421,Classical,SVM,base_plus_enmo,25,0.75,,,,,,,94.93037666887535,linear,,,,,0.9161,0.8956,0.8162,0.8389,"{np.int64(1): 4382, np.int64(2): 407, np.int64(0): 2400}"
422,Classical,SVM,base_plus_enmo,25,0.75,,,,,,,59.72710116970448,linear,,,,,0.9161,0.8956,0.8162,0.8389,"{np.int64(1): 4382, np.int64(2): 407, np.int64(0): 2400}"
423,Classical,SVM,base_plus_enmo,25,0.75,,,,,,,42.32341603293578,linear,,,,,0.9161,0.8956,0.8162,0.8389,"{np.int64(1): 4382, np.int64(2): 407, np.int64(0): 2400}"
424,Classical,XGBoost,base_plus_enmo,25,0.75,,,,50,0.1275689893003579,7,,,,,,,0.9054,0.8584,0.7928,0.8074,"{np.int64(1): 4382, np.int64(2): 407, np.int64(0): 2400}"
425,Classical,SVM,base_plus_enmo,25,0.75,,,,,,,65.09165014371563,linear,,,,,0.9161,0.8956,0.8162,0.8389,"{np.int64(1): 4382, np.int64(2): 407, np.int64(0): 2400}"
426,Classical,SVM,base_plus_enmo,25,0.75,,,,,,,79.1425815104606,linear,,,,,0.9161,0.8956,0.8162,0.8389,"{np.int64(1): 4382, np.int64(2): 407, np.int64(0): 2400}"
427,Classical,SVM,base_plus_enmo,25,0.75,,,,,,,31.8183552303009,linear,,,,,0.9161,0.8956,0.8162,0.8389,"{np.int64(1): 4382, np.int64(2): 407, np.int64(0): 2400}"
428,TimeSeries,BiLSTM,base_plus_enmo,25,0.75,10,,,,,,,,,128,0.0003882963545079028,16,0.8701,0.6674,0.6311,0.6298,"{np.int64(1): 4325, np.int64(2): 404, np.int64(0): 2390}"
429,Classical,SVM,base_plus_enmo,25,0.75,,,,,,,39.316729294332646,linear,,,,,0.9161,0.8956,0.8162,0.8389,"{np.int64(1): 4382, np.int64(2): 407, np.int64(0): 2400}"
430,Classical,SVM,base_plus_enmo,25,0.75,,,,,,,50.743288906046516,linear,,,,,0.9161,0.8956,0.8162,0.8389,"{np.int64(1): 4382, np.int64(2): 407, np.int64(0): 2400}"
431,Classical,SVM,base_plus_enmo,25,0.75,,,,,,,22.411724608338137,linear,,,,,0.9161,0.8956,0.8162,0.8389,"{np.int64(1): 4382, np.int64(2): 407, np.int64(0): 2400}"
432,Classical,SVM,base_features,25,0.75,,,,,,,75.66443174549455,linear,,,,,0.882,0.793,0.6979,0.6992,"{np.int64(1): 4382, np.int64(2): 407, np.int64(0): 2400}"
433,Classical,SVM,base_plus_enmo,25,0.75,,,,,,,60.40262072378214,linear,,,,,0.9161,0.8956,0.8162,0.8389,"{np.int64(1): 4382, np.int64(2): 407, np.int64(0): 2400}"
434,Classical,SVM,base_plus_enmo,25,0.75,,,,,,,29.257677091374134,linear,,,,,0.9161,0.8956,0.8162,0.8389,"{np.int64(1): 4382, np.int64(2): 407, np.int64(0): 2400}"
435,Classical,SVM,base_plus_enmo,25,0.75,,,,,,,42.59864552375663,linear,,,,,0.9161,0.8956,0.8162,0.8389,"{np.int64(1): 4382, np.int64(2): 407, np.int64(0): 2400}"
436,Classical,SVM,base_plus_enmo,25,0.75,,,,,,,19.998307922280276,linear,,,,,0.9161,0.8956,0.8162,0.8389,"{np.int64(1): 4382, np.int64(2): 407, np.int64(0): 2400}"
437,Classical,SVM,base_plus_enmo,25,0.75,,,,,,,52.42457535503725,linear,,,,,0.9161,0.8956,0.8162,0.8389,"{np.int64(1): 4382, np.int64(2): 407, np.int64(0): 2400}"
438,Classical,NB,base_plus_enmo,25,0.75,,,,,,,,,3.1886036007869985e-10,,,,0.8517,0.7092,0.796,0.7201,"{np.int64(1): 4382, np.int64(2): 407, np.int64(0): 2400}"
439,Classical,SVM,base_plus_enmo,25,0.75,,,,,,,26.472048546611653,linear,,,,,0.9161,0.8956,0.8162,0.8389,"{np.int64(1): 4382, np.int64(2): 407, np.int64(0): 2400}"
440,Classical,SVM,base_plus_enmo,25,0.75,,,,,,,94.515531319416,linear,,,,,0.9161,0.8956,0.8162,0.8389,"{np.int64(1): 4382, np.int64(2): 407, np.int64(0): 2400}"
441,Classical,RF,base_plus_enmo,20,0.75,,100,5,,,,,,,,,,0.9014,0.8747,0.7684,0.7916,"{np.int64(1): 5507, np.int64(2): 565, np.int64(0): 3014}"
442,Classical,SVM,base_plus_enmo,25,0.8,,,,,,,72.54269497031167,linear,,,,,0.9202,0.8953,0.8148,0.8361,"{np.int64(1): 4293, np.int64(2): 370, np.int64(0): 2314}"
443,Classical,SVM,base_plus_enmo,25,0.75,,,,,,,35.3225546048907,linear,,,,,0.9161,0.8956,0.8162,0.8389,"{np.int64(1): 4382, np.int64(2): 407, np.int64(0): 2400}"
444,Classical,SVM,base_plus_enmo,25,0.7,,,,,,,46.09327519980753,linear,,,,,0.9134,0.8918,0.8062,0.8304,"{np.int64(1): 4449, np.int64(2): 437, np.int64(0): 2447}"
445,Classical,SVM,base_plus_enmo,25,0.75,,,,,,,19.820532095033368,linear,,,,,0.9161,0.8956,0.8162,0.8389,"{np.int64(1): 4382, np.int64(2): 407, np.int64(0): 2400}"
446,Classical,SVM,base_plus_enmo,25,0.75,,,,,,,0.030471433724492257,linear,,,,,0.9092,0.8863,0.7802,0.8056,"{np.int64(1): 4382, np.int64(2): 407, np.int64(0): 2400}"
447,TimeSeries,Transformer,base_plus_enmo,25,0.75,5,,,,,,,,,64,0.000771570342218325,32,0.8784,0.7643,0.6697,0.6796,"{np.int64(1): 4354, np.int64(2): 405, np.int64(0): 2395}"
448,Classical,SVM,base_plus_enmo,25,0.75,,,,,,,61.12584082374141,linear,,,,,0.9161,0.8956,0.8162,0.8389,"{np.int64(1): 4382, np.int64(2): 407, np.int64(0): 2400}"
449,Classical,SVM,base_plus_enmo,25,0.75,,,,,,,23.40757325342869,linear,,,,,0.9161,0.8956,0.8162,0.8389,"{np.int64(1): 4382, np.int64(2): 407, np.int64(0): 2400}"
450,Classical,SVM,base_plus_enmo,25,0.75,,,,,,,14.884953234238484,linear,,,,,0.9161,0.8956,0.8162,0.8389,"{np.int64(1): 4382, np.int64(2): 407, np.int64(0): 2400}"
451,Classical,SVM,base_plus_enmo,25,0.75,,,,,,,78.92063204253837,linear,,,,,0.9161,0.8956,0.8162,0.8389,"{np.int64(1): 4382, np.int64(2): 407, np.int64(0): 2400}"
452,Classical,SVM,base_plus_enmo,25,0.75,,,,,,,16.943289993848303,linear,,,,,0.9161,0.8956,0.8162,0.8389,"{np.int64(1): 4382, np.int64(2): 407, np.int64(0): 2400}"
453,Classical,XGBoost,base_features,25,0.75,,,,100,0.0032321249113155966,9,,,,,,,0.8568,0.8206,0.6207,0.6369,"{np.int64(1): 4382, np.int64(2): 407, np.int64(0): 2400}"
454,Classical,SVM,base_plus_enmo,25,0.75,,,,,,,13.80871415302348,linear,,,,,0.9163,0.8956,0.8163,0.839,"{np.int64(1): 4382, np.int64(2): 407, np.int64(0): 2400}"
455,Classical,SVM,base_plus_enmo,25,0.75,,,,,,,13.523310810047988,linear,,,,,0.9161,0.8956,0.8162,0.8389,"{np.int64(1): 4382, np.int64(2): 407, np.int64(0): 2400}"
456,Classical,SVM,base_plus_enmo,25,0.75,,,,,,,13.623890761791676,linear,,,,,0.9161,0.8956,0.8162,0.8389,"{np.int64(1): 4382, np.int64(2): 407, np.int64(0): 2400}"
457,Classical,SVM,base_plus_enmo,25,0.75,,,,,,,18.395012619018708,linear,,,,,0.9161,0.8956,0.8162,0.8389,"{np.int64(1): 4382, np.int64(2): 407, np.int64(0): 2400}"
458,Classical,SVM,base_plus_enmo,30,0.75,,,,,,,12.856261135568161,linear,,,,,0.9221,0.8977,0.8085,0.8277,"{np.int64(1): 3629, np.int64(2): 315, np.int64(0): 1964}"
459,Classical,SVM,base_plus_enmo,25,0.75,,,,,,,15.357374497464376,linear,,,,,0.9161,0.8956,0.8162,0.8389,"{np.int64(1): 4382, np.int64(2): 407, np.int64(0): 2400}"
460,Classical,SVM,base_plus_enmo,10,0.75,,,,,,,12.802493780359132,linear,,,,,0.8793,0.8343,0.7581,0.779,"{np.int64(1): 11204, np.int64(2): 1427, np.int64(0): 6246}"
461,Classical,SVM,base_plus_enmo,25,0.75,,,,,,,19.898921754566036,linear,,,,,0.9161,0.8956,0.8162,0.8389,"{np.int64(1): 4382, np.int64(2): 407, np.int64(0): 2400}"
462,Classical,NB,base_plus_enmo,25,0.75,,,,,,,,,1.2586212942446402e-09,,,,0.8517,0.7092,0.796,0.7201,"{np.int64(1): 4382, np.int64(2): 407, np.int64(0): 2400}"
463,Classical,SVM,base_plus_enmo,25,0.75,,,,,,,11.654788268678695,linear,,,,,0.9161,0.8956,0.8162,0.8389,"{np.int64(1): 4382, np.int64(2): 407, np.int64(0): 2400}"
464,Classical,SVM,base_plus_enmo,25,0.75,,,,,,,99.57770310593874,linear,,,,,0.9161,0.8956,0.8162,0.8389,"{np.int64(1): 4382, np.int64(2): 407, np.int64(0): 2400}"
465,Classical,SVM,base_plus_enmo,25,0.75,,,,,,,62.71870260062424,linear,,,,,0.9161,0.8956,0.8162,0.8389,"{np.int64(1): 4382, np.int64(2): 407, np.int64(0): 2400}"
466,TimeSeries,RNN,base_plus_enmo,25,0.7,10,,,,,,,,,32,0.006834242010627224,64,0.8728,0.7509,0.6545,0.6614,"{np.int64(1): 4393, np.int64(2): 434, np.int64(0): 2436}"
467,Classical,RF,base_plus_enmo,25,0.75,,250,11,,,,,,,,,,0.9125,0.8772,0.8043,0.8195,"{np.int64(1): 4382, np.int64(2): 407, np.int64(0): 2400}"
468,Classical,SVM,base_plus_enmo,25,0.75,,,,,,,30.8366760647696,linear,,,,,0.9161,0.8956,0.8162,0.8389,"{np.int64(1): 4382, np.int64(2): 407, np.int64(0): 2400}"
469,Classical,SVM,base_plus_enmo,25,0.75,,,,,,,15.837396694823457,linear,,,,,0.9161,0.8956,0.8162,0.8389,"{np.int64(1): 4382, np.int64(2): 407, np.int64(0): 2400}"
470,Classical,SVM,base_plus_enmo,25,0.75,,,,,,,0.009466424991540967,linear,,,,,0.9031,0.8723,0.753,0.779,"{np.int64(1): 4382, np.int64(2): 407, np.int64(0): 2400}"
471,Classical,SVM,base_plus_enmo,25,0.75,,,,,,,11.935842589629013,linear,,,,,0.9161,0.8956,0.8162,0.8389,"{np.int64(1): 4382, np.int64(2): 407, np.int64(0): 2400}"
472,Classical,SVM,base_plus_enmo,25,0.75,,,,,,,23.517742697275008,linear,,,,,0.9161,0.8956,0.8162,0.8389,"{np.int64(1): 4382, np.int64(2): 407, np.int64(0): 2400}"
473,Classical,SVM,base_plus_enmo,25,0.75,,,,,,,15.750106340638174,linear,,,,,0.9161,0.8956,0.8162,0.8389,"{np.int64(1): 4382, np.int64(2): 407, np.int64(0): 2400}"
474,Classical,SVM,base_features,25,0.75,,,,,,,56.384000189756954,linear,,,,,0.882,0.793,0.6979,0.6992,"{np.int64(1): 4382, np.int64(2): 407, np.int64(0): 2400}"
475,Classical,XGBoost,base_plus_enmo,25,0.75,,,,250,0.02564229915868475,4,,,,,,,0.9083,0.8611,0.792,0.806,"{np.int64(1): 4382, np.int64(2): 407, np.int64(0): 2400}"
476,Classical,SVM,base_plus_enmo,25,0.75,,,,,,,75.00463829489368,linear,,,,,0.9161,0.8956,0.8162,0.8389,"{np.int64(1): 4382, np.int64(2): 407, np.int64(0): 2400}"
477,Classical,SVM,base_plus_enmo,25,0.75,,,,,,,11.610256065062659,linear,,,,,0.9161,0.8956,0.8162,0.8389,"{np.int64(1): 4382, np.int64(2): 407, np.int64(0): 2400}"
478,Classical,SVM,base_plus_enmo,25,0.75,,,,,,,19.99025531744371,linear,,,,,0.9161,0.8956,0.8162,0.8389,"{np.int64(1): 4382, np.int64(2): 407, np.int64(0): 2400}"
479,Classical,SVM,base_plus_enmo,25,0.8,,,,,,,46.662739105256215,linear,,,,,0.92,0.894,0.8147,0.8359,"{np.int64(1): 4293, np.int64(2): 370, np.int64(0): 2314}"
480,Classical,SVM,base_plus_enmo,15,0.75,,,,,,,11.418460807076004,linear,,,,,0.8952,0.8563,0.7834,0.8035,"{np.int64(1): 7339, np.int64(2): 809, np.int64(0): 4054}"
481,Classical,SVM,base_plus_enmo,25,0.75,,,,,,,14.525977899344834,linear,,,,,0.9161,0.8956,0.8162,0.8389,"{np.int64(1): 4382, np.int64(2): 407, np.int64(0): 2400}"
482,Classical,SVM,base_plus_enmo,25,0.75,,,,,,,8.050028309354861,linear,,,,,0.9161,0.8956,0.8162,0.8389,"{np.int64(1): 4382, np.int64(2): 407, np.int64(0): 2400}"
483,Classical,SVM,base_plus_enmo,25,0.75,,,,,,,10.826571940899235,linear,,,,,0.9161,0.8956,0.8162,0.8389,"{np.int64(1): 4382, np.int64(2): 407, np.int64(0): 2400}"
484,Classical,SVM,base_plus_enmo,25,0.75,,,,,,,17.35693951867852,linear,,,,,0.9161,0.8956,0.8162,0.8389,"{np.int64(1): 4382, np.int64(2): 407, np.int64(0): 2400}"
485,TimeSeries,BiLSTM,base_plus_enmo,25,0.75,20,,,,,,,,,64,0.0002206902112201554,16,0.8701,0.6412,0.6257,0.6201,"{np.int64(2): 388, np.int64(0): 2380, np.int64(1): 4281}"
486,Classical,SVM,base_plus_enmo,25,0.75,,,,,,,81.20732674195848,linear,,,,,0.9161,0.8956,0.8162,0.8389,"{np.int64(1): 4382, np.int64(2): 407, np.int64(0): 2400}"
487,Classical,SVM,base_plus_enmo,25,0.75,,,,,,,28.04503374786411,linear,,,,,0.9161,0.8956,0.8162,0.8389,"{np.int64(1): 4382, np.int64(2): 407, np.int64(0): 2400}"
488,Classical,SVM,base_plus_enmo,25,0.75,,,,,,,37.921588586259276,linear,,,,,0.9161,0.8956,0.8162,0.8389,"{np.int64(1): 4382, np.int64(2): 407, np.int64(0): 2400}"
489,Classical,SVM,base_plus_enmo,25,0.75,,,,,,,55.20296045068929,linear,,,,,0.9161,0.8956,0.8162,0.8389,"{np.int64(1): 4382, np.int64(2): 407, np.int64(0): 2400}"
490,Classical,NB,base_plus_enmo,25,0.75,,,,,,,,,3.398506320199945e-09,,,,0.8517,0.7092,0.796,0.7201,"{np.int64(1): 4382, np.int64(2): 407, np.int64(0): 2400}"
491,Classical,SVM,base_plus_enmo,25,0.75,,,,,,,0.002821173326838091,linear,,,,,0.8839,0.7485,0.6351,0.6253,"{np.int64(1): 4382, np.int64(2): 407, np.int64(0): 2400}"
492,Classical,SVM,base_plus_enmo,20,0.75,,,,,,,8.021248428886203,linear,,,,,0.9099,0.8839,0.8078,0.8292,"{np.int64(1): 5507, np.int64(2): 565, np.int64(0): 3014}"
493,Classical,SVM,base_plus_enmo,25,0.75,,,,,,,13.263249115452014,linear,,,,,0.9161,0.8956,0.8162,0.8389,"{np.int64(1): 4382, np.int64(2): 407, np.int64(0): 2400}"
494,Classical,SVM,base_plus_enmo,25,0.75,,,,,,,10.392418064594148,linear,,,,,0.9163,0.8956,0.8163,0.839,"{np.int64(1): 4382, np.int64(2): 407, np.int64(0): 2400}"
495,Classical,RF,base_plus_enmo,25,0.75,,150,8,,,,,,,,,,0.9105,0.878,0.7976,0.8154,"{np.int64(1): 4382, np.int64(2): 407, np.int64(0): 2400}"
496,Classical,SVM,base_features,25,0.75,,,,,,,10.812067817900251,linear,,,,,0.8818,0.7924,0.697,0.6985,"{np.int64(1): 4382, np.int64(2): 407, np.int64(0): 2400}"
497,Classical,SVM,base_plus_enmo,25,0.75,,,,,,,8.788818608037937,linear,,,,,0.9161,0.8956,0.8162,0.8389,"{np.int64(1): 4382, np.int64(2): 407, np.int64(0): 2400}"
498,Classical,SVM,base_plus_enmo,25,0.75,,,,,,,12.802887282190365,linear,,,,,0.9163,0.8956,0.8163,0.839,"{np.int64(1): 4382, np.int64(2): 407, np.int64(0): 2400}"
499,Classical,SVM,base_plus_enmo,25,0.75,,,,,,,14.765294704934327,linear,,,,,0.9161,0.8956,0.8162,0.8389,"{np.int64(1): 4382, np.int64(2): 407, np.int64(0): 2400}"
